nan,-5.000000000000000000e+00,-4.795918367346938993e+00,-4.591836734693877986e+00,-4.387755102040816091e+00,-4.183673469387755084e+00,-3.979591836734694077e+00,-3.775510204081632626e+00,-3.571428571428571175e+00,-3.367346938775510168e+00,-3.163265306122449161e+00,-2.959183673469387710e+00,-2.755102040816326259e+00,-2.551020408163265252e+00,-2.346938775510204245e+00,-2.142857142857142794e+00,-1.938775510204081343e+00,-1.734693877551020336e+00,-1.530612244897959329e+00,-1.326530612244897878e+00,-1.122448979591836427e+00,-9.183673469387754196e-01,-7.142857142857144126e-01,-5.102040816326525174e-01,-3.061224489795915105e-01,-1.020408163265305035e-01,1.020408163265305035e-01,3.061224489795915105e-01,5.102040816326534056e-01,7.142857142857144126e-01,9.183673469387754196e-01,1.122448979591837315e+00,1.326530612244898322e+00,1.530612244897959329e+00,1.734693877551020336e+00,1.938775510204081343e+00,2.142857142857143238e+00,2.346938775510204245e+00,2.551020408163265252e+00,2.755102040816327147e+00,2.959183673469388154e+00,3.163265306122449161e+00,3.367346938775510168e+00,3.571428571428571175e+00,3.775510204081632182e+00,3.979591836734694965e+00,4.183673469387755972e+00,4.387755102040816979e+00,4.591836734693877986e+00,4.795918367346938993e+00,5.000000000000000000e+00
5.636363636363636020e-01,7.386594565751841701e-01,7.374460783362082328e-01,7.362947255538905278e-01,7.352052018703588709e-01,7.341666667501727250e-01,7.331250003708025265e-01,7.318041492364879552e-01,7.318947941302709204e-01,7.320047660590573990e-01,7.319242699775263539e-01,7.312380111913603375e-01,7.294806920347456369e-01,7.265136443850669368e-01,7.228175594815849925e-01,7.191998678363602515e-01,7.162261500433710903e-01,7.140400194176789173e-01,7.125339899089979667e-01,7.115345229883631717e-01,7.108875089208619436e-01,7.104779443357599478e-01,7.102255888065662770e-01,7.100761871849956552e-01,7.099942584151658354e-01,7.099583547585568422e-01,7.099583547585563981e-01,7.099942584151660574e-01,7.100761871849955442e-01,7.102255888065666101e-01,7.104779443357598367e-01,7.108875089208619436e-01,7.115345229883628386e-01,7.125339899089977447e-01,7.140400194176795834e-01,7.162261500433713124e-01,7.191998678363604736e-01,7.228175594815845484e-01,7.265136443850667147e-01,7.294806920347454149e-01,7.312380111913605596e-01,7.319242699775259098e-01,7.320047660590571770e-01,7.318947941302710314e-01,7.318041492364887324e-01,7.331250003708031926e-01,7.341666667501735022e-01,7.352052018703592040e-01,7.362947255538898617e-01,7.374460783362081218e-01,7.386594565751847252e-01
5.732220160791589025e-01,7.169437510968004190e-01,7.167706571891773182e-01,7.167350083732395571e-01,7.168245250892164577e-01,7.169733813458287752e-01,7.166410798183104891e-01,7.184308842183707577e-01,7.200583108133338239e-01,7.212110665438892232e-01,7.214512651257296572e-01,7.205729409165573252e-01,7.188745123022213246e-01,7.170176506380644410e-01,7.155808258023114155e-01,7.148069251819623160e-01,7.146650914390400011e-01,7.150050848468940679e-01,7.156590529647047783e-01,7.164817157892492405e-01,7.173583294929973819e-01,7.182014188491531170e-01,7.189454408999335078e-01,7.195422825366263320e-01,7.199580948866449726e-01,7.201712699982751875e-01,7.201712699982749655e-01,7.199580948866451946e-01,7.195422825366263320e-01,7.189454408999327306e-01,7.182014188491530060e-01,7.173583294929971599e-01,7.164817157892485744e-01,7.156590529647047783e-01,7.150050848468947340e-01,7.146650914390397791e-01,7.148069251819623160e-01,7.155808258023109714e-01,7.170176506380638859e-01,7.188745123022222128e-01,7.205729409165567700e-01,7.214512651257294351e-01,7.212110665438901114e-01,7.200583108133332688e-01,7.184308842183703137e-01,7.166410798183108222e-01,7.169733813458289973e-01,7.168245250892164577e-01,7.167350083732388910e-01,7.167706571891767631e-01,7.169437510967997529e-01
5.828076685219542030e-01,6.919177333150109410e-01,6.931018377792821372e-01,6.944515715444889992e-01,6.958760615526132787e-01,6.966874052784968185e-01,6.998441809914818235e-01,7.024529387476111664e-01,7.041457234580087432e-01,7.047453386699461531e-01,7.044700332971945977e-01,7.038784538116292788e-01,7.035277449647093784e-01,7.037095045499258683e-01,7.044453321678130209e-01,7.056119413008828944e-01,7.070487206135273039e-01,7.086103673741205311e-01,7.101822562777391212e-01,7.116794815237393879e-01,7.130410939390338099e-01,7.142241253644214805e-01,7.151987357816447233e-01,7.159446186254180278e-01,7.164484664386427948e-01,7.167022689213513598e-01,7.167022689213512487e-01,7.164484664386427948e-01,7.159446186254185829e-01,7.151987357816453894e-01,7.142241253644218135e-01,7.130410939390338099e-01,7.116794815237393879e-01,7.101822562777393433e-01,7.086103673741204201e-01,7.070487206135273039e-01,7.056119413008827834e-01,7.044453321678132429e-01,7.037095045499265344e-01,7.035277449647096004e-01,7.038784538116293898e-01,7.044700332971941537e-01,7.047453386699459310e-01,7.041457234580085212e-01,7.024529387476107223e-01,6.998441809914820455e-01,6.966874052784973737e-01,6.958760615526136117e-01,6.944515715444892212e-01,6.931018377792816931e-01,6.919177333150111631e-01
5.923933209647495035e-01,6.713035578637380763e-01,6.736753545632071516e-01,6.760239573254136491e-01,6.779611987417107910e-01,6.811287501415680401e-01,6.837328244906276664e-01,6.852635127736114162e-01,6.859337156485085796e-01,6.861925098428138803e-01,6.865129775141909363e-01,6.871770608665866975e-01,6.882406146589956641e-01,6.896217335668952675e-01,6.911945751685727446e-01,6.928417024612489872e-01,6.944718385195979282e-01,6.960204469607136346e-01,6.974445395474697662e-01,6.987167957461555279e-01,6.998206577364296521e-01,7.007466645441327024e-01,7.014898451634205001e-01,7.020479140692186260e-01,7.024200502815068914e-01,7.026061005567978413e-01,7.026061005567979523e-01,7.024200502815066693e-01,7.020479140692180708e-01,7.014898451634200560e-01,7.007466645441324804e-01,6.998206577364297631e-01,6.987167957461551948e-01,6.974445395474706544e-01,6.960204469607141897e-01,6.944718385195983723e-01,6.928417024612479880e-01,6.911945751685727446e-01,6.896217335668952675e-01,6.882406146589953311e-01,6.871770608665872526e-01,6.865129775141906032e-01,6.861925098428144354e-01,6.859337156485083575e-01,6.852635127736117493e-01,6.837328244906282215e-01,6.811287501415679291e-01,6.779611987417110130e-01,6.760239573254138712e-01,6.736753545632065965e-01,6.713035578637382983e-01
6.019789734075448040e-01,6.518439267904903023e-01,6.538862730690299108e-01,6.555655095149830469e-01,6.576842993119017544e-01,6.594245635694677699e-01,6.603700421429173906e-01,6.608676373992659059e-01,6.612664670987596915e-01,6.618069514480026116e-01,6.625778111611609900e-01,6.635580509544678485e-01,6.646789535631979495e-01,6.658660326089436143e-01,6.670573431188283609e-01,6.682075533294620229e-01,6.692860304035461727e-01,6.702733492541208538e-01,6.711579961978878517e-01,6.719337652505096292e-01,6.725978531286340711e-01,6.731495169737897744e-01,6.735891477107425196e-01,6.739176394546152471e-01,6.741359677645715198e-01,6.742449168652160374e-01,6.742449168652153713e-01,6.741359677645711868e-01,6.739176394546151361e-01,6.735891477107422975e-01,6.731495169737893303e-01,6.725978531286336271e-01,6.719337652505095182e-01,6.711579961978875186e-01,6.702733492541208538e-01,6.692860304035459507e-01,6.682075533294620229e-01,6.670573431188284719e-01,6.658660326089431702e-01,6.646789535631976165e-01,6.635580509544685146e-01,6.625778111611615451e-01,6.618069514480021676e-01,6.612664670987594695e-01,6.608676373992664610e-01,6.603700421429181677e-01,6.594245635694675478e-01,6.576842993119014213e-01,6.555655095149836020e-01,6.538862730690304659e-01,6.518439267904916345e-01
6.115646258503401045e-01,6.085457365150369613e-01,6.085568702173690392e-01,6.086795532707851564e-01,6.088585060389886117e-01,6.085939864645421027e-01,6.081495621582341249e-01,6.077217472630984663e-01,6.074299251627398588e-01,6.073175984215953838e-01,6.073770362351774699e-01,6.075760376352308256e-01,6.078760518762776899e-01,6.082413070011865042e-01,6.086421105307191493e-01,6.090552145534591233e-01,6.094630082303883478e-01,6.098524105115902261e-01,6.102138258918450298e-01,6.105402790286679204e-01,6.108267397138656962e-01,6.110696131160651134e-01,6.112663625466857598e-01,6.114152351196614488e-01,6.115150668279856205e-01,6.115651497858349828e-01,6.115651497858348717e-01,6.115150668279857316e-01,6.114152351196610047e-01,6.112663625466862038e-01,6.110696131160635591e-01,6.108267397138658072e-01,6.105402790286688086e-01,6.102138258918454738e-01,6.098524105115901150e-01,6.094630082303879037e-01,6.090552145534593453e-01,6.086421105307190382e-01,6.082413070011860601e-01,6.078760518762778009e-01,6.075760376352296044e-01,6.073770362351776919e-01,6.073175984215954948e-01,6.074299251627397478e-01,6.077217472630989104e-01,6.081495621582327926e-01,6.085939864645413255e-01,6.088585060389886117e-01,6.086795532707856005e-01,6.085568702173681510e-01,6.085457365150374054e-01
6.211502782931354050e-01,5.277826036706854129e-01,5.256645567773970962e-01,5.238642174300129906e-01,5.217585300387898029e-01,5.195675652676943201e-01,5.174402885748418113e-01,5.154806372437592543e-01,5.137442739658315549e-01,5.122469104487000768e-01,5.109782497920108968e-01,5.099147457610746503e-01,5.090284267319663547e-01,5.082918995771872339e-01,5.076806629467465193e-01,5.071738435159485192e-01,5.067541372414509082e-01,5.064074185750427892e-01,5.061222601343662308e-01,5.058894751169837889e-01,5.057017254378893822e-01,5.055532049924666982e-01,5.054393930566886128e-01,5.053568680402235058e-01,5.053031714557851828e-01,5.052767134627315082e-01,5.052767134627313972e-01,5.053031714557847387e-01,5.053568680402230617e-01,5.054393930566888349e-01,5.055532049924674753e-01,5.057017254378888271e-01,5.058894751169830117e-01,5.061222601343672300e-01,5.064074185750426782e-01,5.067541372414510192e-01,5.071738435159492964e-01,5.076806629467454091e-01,5.082918995771877890e-01,5.090284267319663547e-01,5.099147457610747614e-01,5.109782497920106747e-01,5.122469104487004099e-01,5.137442739658316659e-01,5.154806372437594764e-01,5.174402885748419223e-01,5.195675652676943201e-01,5.217585300387896918e-01,5.238642174300125465e-01,5.256645567773966521e-01,5.277826036706853019e-01
6.307359307359307055e-01,6.081553099204027868e-01,6.052884989459218490e-01,6.020972361371045301e-01,5.989199686976454107e-01,5.959574724674076007e-01,5.933364741189429692e-01,5.911024423020045937e-01,5.892401454124898130e-01,5.877028305196229097e-01,5.864348507996887117e-01,5.853841694532108120e-01,5.845072333293686029e-01,5.837696433453031242e-01,5.831450423516012505e-01,5.826135205072876522e-01,5.821601055305775096e-01,5.817735240188752766e-01,5.814452523042630272e-01,5.811688152441982780e-01,5.809392787051232965e-01,5.807528867195704825e-01,5.806068043985797011e-01,5.804989376266557199e-01,5.804278088119400048e-01,5.803924743551506227e-01,5.803924743551501786e-01,5.804278088119405599e-01,5.804989376266561640e-01,5.806068043985797011e-01,5.807528867195702604e-01,5.809392787051234075e-01,5.811688152441988331e-01,5.814452523042633603e-01,5.817735240188756096e-01,5.821601055305773986e-01,5.826135205072883183e-01,5.831450423516014725e-01,5.837696433453037903e-01,5.845072333293688249e-01,5.853841694532103679e-01,5.864348507996886006e-01,5.877028305196229097e-01,5.892401454124905902e-01,5.911024423020048157e-01,5.933364741189434133e-01,5.959574724674068236e-01,5.989199686976448556e-01,6.020972361371043080e-01,6.052884989459221821e-01,6.081553099204027868e-01
6.403215831787260059e-01,7.174535993807794609e-01,7.162024116421070730e-01,7.147953888074054518e-01,7.134370288444102925e-01,7.122529573122889923e-01,7.113007884999857922e-01,7.105935546502996081e-01,7.101210335270641272e-01,7.098634042387977905e-01,7.097981870275191785e-01,7.099029894287361975e-01,7.101560994430144991e-01,7.105361707943294025e-01,7.110216613733766344e-01,7.115903447532042625e-01,7.122190348316486119e-01,7.128835723067225016e-01,7.135590739125028392e-01,7.142204176617232836e-01,7.148429190188384519e-01,7.154031399192485319e-01,7.158797639523117873e-01,7.162544671073887148e-01,7.165127146557891402e-01,7.166444210824038930e-01,7.166444210824032268e-01,7.165127146557886961e-01,7.162544671073891589e-01,7.158797639523124534e-01,7.154031399192483098e-01,7.148429190188378968e-01,7.142204176617237277e-01,7.135590739125031723e-01,7.128835723067221686e-01,7.122190348316486119e-01,7.115903447532041515e-01,7.110216613733763014e-01,7.105361707943294025e-01,7.101560994430144991e-01,7.099029894287366416e-01,7.097981870275191785e-01,7.098634042387979015e-01,7.101210335270641272e-01,7.105935546502991640e-01,7.113007884999854591e-01,7.122529573122889923e-01,7.134370288444102925e-01,7.147953888074056739e-01,7.162024116421064068e-01,7.174535993807800160e-01
6.499072356215213064e-01,6.648024530540945776e-01,6.637771555902887144e-01,6.628924989663319556e-01,6.629108356714504824e-01,6.644881413794205827e-01,6.681099454994201547e-01,6.740254405894354761e-01,6.822007056582570783e-01,6.923179751989132491e-01,7.038351039436413492e-01,7.160928536385799958e-01,7.284354692950985033e-01,7.403074242276421746e-01,7.513053795868389617e-01,7.611857171108231679e-01,7.698417834311505059e-01,7.772678435299460453e-01,7.835225405475367833e-01,7.886986158085952381e-01,7.929008760859707072e-01,7.962317046795595044e-01,7.987823744638560264e-01,8.006283340237900781e-01,8.018269570859951623e-01,8.024166593057677765e-01,8.024166593057673325e-01,8.018269570859954953e-01,8.006283340237906332e-01,7.987823744638554713e-01,7.962317046795593933e-01,7.929008760859715954e-01,7.886986158085955712e-01,7.835225405475363392e-01,7.772678435299456012e-01,7.698417834311511720e-01,7.611857171108242781e-01,7.513053795868382956e-01,7.403074242276398431e-01,7.284354692950976151e-01,7.160928536385794407e-01,7.038351039436411272e-01,6.923179751989143593e-01,6.822007056582566342e-01,6.740254405894360312e-01,6.681099454994211539e-01,6.644881413794206937e-01,6.629108356714522587e-01,6.628924989663316225e-01,6.637771555902908238e-01,6.648024530540956878e-01
6.594928880643166069e-01,6.694515867034915857e-01,6.981360566579369875e-01,7.235234861947724694e-01,7.442505346742671613e-01,7.603620177051887419e-01,7.725701522672331345e-01,7.817295510064299346e-01,7.885991397932226032e-01,7.937773540307587750e-01,7.977110422302371440e-01,8.007258511991776073e-01,8.030571063189044789e-01,8.048749113870021787e-01,8.063028520444152081e-01,8.074314004385768628e-01,8.083273606350472873e-01,8.090404866681464302e-01,8.096081213692746248e-01,8.100584590918243899e-01,8.104128508999577374e-01,8.106874395716652248e-01,8.108943208350480880e-01,8.110423648093227911e-01,8.111377886541605298e-01,8.111845415152818539e-01,8.111845415152815209e-01,8.111377886541598636e-01,8.110423648093216809e-01,8.108943208350477549e-01,8.106874395716640036e-01,8.104128508999571823e-01,8.100584590918240568e-01,8.096081213692744027e-01,8.090404866681465412e-01,8.083273606350473983e-01,8.074314004385768628e-01,8.063028520444136538e-01,8.048749113870024008e-01,8.030571063189040348e-01,8.007258511991776073e-01,7.977110422302374770e-01,7.937773540307588860e-01,7.885991397932237135e-01,7.817295510064290465e-01,7.725701522672332455e-01,7.603620177051879647e-01,7.442505346742682715e-01,7.235234861947734686e-01,6.981360566579388749e-01,6.694515867034902534e-01
6.690785405071119074e-01,7.850482867898362915e-01,7.866393884025436600e-01,7.877084365766630070e-01,7.884751737084034762e-01,7.890763562931710773e-01,7.895905969293243176e-01,7.900598740658126840e-01,7.905045395892499327e-01,7.909328403708872912e-01,7.913466436678293636e-01,7.917447498311918075e-01,7.921247389283849749e-01,7.924839514283628095e-01,7.928199690402329969e-01,7.931308141346408158e-01,7.934149961216030444e-01,7.936714792253232176e-01,7.938996141499786718e-01,7.940990573662315422e-01,7.942696908267060651e-01,7.944115486430241013e-01,7.945247537246704628e-01,7.946094654619252351e-01,7.946658385619813636e-01,7.946939927232544720e-01,7.946939927232553602e-01,7.946658385619813636e-01,7.946094654619249020e-01,7.945247537246704628e-01,7.944115486430244344e-01,7.942696908267053990e-01,7.940990573662313201e-01,7.938996141499782278e-01,7.936714792253232176e-01,7.934149961216039326e-01,7.931308141346409268e-01,7.928199690402323307e-01,7.924839514283625874e-01,7.921247389283844198e-01,7.917447498311916965e-01,7.913466436678290306e-01,7.909328403708875133e-01,7.905045395892499327e-01,7.900598740658122399e-01,7.895905969293226523e-01,7.890763562931711883e-01,7.884751737084034762e-01,7.877084365766635621e-01,7.866393884025437711e-01,7.850482867898356254e-01
6.786641929499072079e-01,7.409347210235932568e-01,7.420876018642983407e-01,7.434355386877411487e-01,7.449196431203362057e-01,7.464857059475690226e-01,7.480873956934447344e-01,7.496870582986636666e-01,7.512552507038331440e-01,7.527697138857982750e-01,7.542141803223212371e-01,7.555772169394175952e-01,7.568511929749683897e-01,7.580314018660377906e-01,7.591153358910204263e-01,7.601020986221952436e-01,7.609919354788863277e-01,7.617858623947963981e-01,7.624853743930127825e-01,7.630922184064923286e-01,7.636082173379790117e-01,7.640351348197151893e-01,7.643745722951535981e-01,7.646278918832495330e-01,7.647961600278336824e-01,7.648801082263223527e-01,7.648801082263221307e-01,7.647961600278336824e-01,7.646278918832504212e-01,7.643745722951529320e-01,7.640351348197141901e-01,7.636082173379785676e-01,7.630922184064932168e-01,7.624853743930124494e-01,7.617858623947969532e-01,7.609919354788859946e-01,7.601020986221949105e-01,7.591153358910204263e-01,7.580314018660386788e-01,7.568511929749675016e-01,7.555772169394189275e-01,7.542141803223205709e-01,7.527697138857977199e-01,7.512552507038330329e-01,7.496870582986634446e-01,7.480873956934452895e-01,7.464857059475696888e-01,7.449196431203345403e-01,7.434355386877411487e-01,7.420876018642986738e-01,7.409347210235927017e-01
6.882498453927025084e-01,6.592667715052961119e-01,6.644229390541829261e-01,6.696032016004482834e-01,6.746860691694980261e-01,6.795878613903969523e-01,6.842536500738068961e-01,6.886498017639594016e-01,6.927581015377854978e-01,6.965712527891825268e-01,7.000894980064239492e-01,7.033181178363574482e-01,7.062656012653796278e-01,7.089423199664427466e-01,7.113595767969214112e-01,7.135289293724822457e-01,7.154617142973590527e-01,7.171687166971411065e-01,7.186599441645395991e-01,7.199444750669145021e-01,7.210303592200625333e-01,7.219245548908763688e-01,7.226328904879162351e-01,7.231600425441823132e-01,7.235095240017141993e-01,7.236836786079743344e-01,7.236836786079738904e-01,7.235095240017129781e-01,7.231600425441835345e-01,7.226328904879166792e-01,7.219245548908761467e-01,7.210303592200624223e-01,7.199444750669140580e-01,7.186599441645385999e-01,7.171687166971421057e-01,7.154617142973582755e-01,7.135289293724813575e-01,7.113595767969215222e-01,7.089423199664420805e-01,7.062656012653785176e-01,7.033181178363566710e-01,7.000894980064241713e-01,6.965712527891831929e-01,6.927581015377834994e-01,6.886498017639590685e-01,6.842536500738077843e-01,6.795878613903961751e-01,6.746860691694983592e-01,6.696032016004472842e-01,6.644229390541848135e-01,6.592667715052958899e-01
6.978354978354978089e-01,5.285412160119040692e-01,5.441144397901419572e-01,5.583352930060682118e-01,5.712748620166701041e-01,5.830170067052041771e-01,5.936504796000589002e-01,6.032637809669844087e-01,6.119419664738230402e-01,6.197648055239388665e-01,6.268058460858062508e-01,6.331320679087805159e-01,6.388039032964845099e-01,6.438754754003488401e-01,6.483949542576590286e-01,6.524049656585203527e-01,6.559430116662144927e-01,6.590418775235060700e-01,6.617300101644638666e-01,6.640318603352134419e-01,6.659681846074819722e-01,6.675563061724674174e-01,6.688103347930350884e-01,6.697413470502260324e-01,6.703575283012807029e-01,6.706642777411838674e-01,6.706642777411834233e-01,6.703575283012820352e-01,6.697413470502265875e-01,6.688103347930361986e-01,6.675563061724679725e-01,6.659681846074826383e-01,6.640318603352134419e-01,6.617300101644644217e-01,6.590418775235051818e-01,6.559430116662140486e-01,6.524049656585193535e-01,6.483949542576594727e-01,6.438754754003481739e-01,6.388039032964849540e-01,6.331320679087799608e-01,6.268058460858059178e-01,6.197648055239386444e-01,6.119419664738218190e-01,6.032637809669861850e-01,5.936504796000582340e-01,5.830170067052035110e-01,5.712748620166697711e-01,5.583352930060685448e-01,5.441144397901431784e-01,5.285412160119008496e-01
7.074211502782931094e-01,1.955097416068627136e-01,2.794724161737717205e-01,3.414614874454984239e-01,3.876404108379037927e-01,4.233522178185113449e-01,4.519124692488440953e-01,4.753550424480298409e-01,4.949737074368457113e-01,5.116281827765655210e-01,5.259138962194371825e-01,5.382585758670500597e-01,5.489792165482446640e-01,5.583169455571131978e-01,5.664591288277085468e-01,5.735538514912392749e-01,5.797196874413236278e-01,5.850524659546020301e-01,5.896300667298064457e-01,5.935158836174372343e-01,5.967613647025420409e-01,5.994078942092918583e-01,6.014881924297889038e-01,6.030273523243010469e-01,6.040435932666892160e-01,6.045487862560127157e-01,6.045487862560119385e-01,6.040435932666914365e-01,6.030273523243013800e-01,6.014881924297885707e-01,5.994078942092920803e-01,5.967613647025430401e-01,5.935158836174384556e-01,5.896300667298074449e-01,5.850524659546024742e-01,5.797196874413244050e-01,5.735538514912387198e-01,5.664591288277087688e-01,5.583169455571113104e-01,5.489792165482435538e-01,5.382585758670473952e-01,5.259138962194355171e-01,5.116281827765654100e-01,4.949737074368451561e-01,4.753550424480284531e-01,4.519124692488437622e-01,4.233522178185077922e-01,3.876404108379051805e-01,3.414614874454958149e-01,2.794724161737750512e-01,1.955097416068745375e-01
7.170068027210884098e-01,8.625925389952066036e-01,9.252825926172882909e-01,6.449054884047605851e-01,1.035242366889842641e-01,6.335204029162395944e-02,1.556716639490440257e-01,2.359101207121820643e-01,2.956217080735473735e-01,3.404457679009402771e-01,3.750911554461958675e-01,4.026123036371263564e-01,4.249572265543684613e-01,4.433995515214156358e-01,4.587997638306930970e-01,4.717580624065820238e-01,4.827050967474563747e-01,4.919572975307188178e-01,4.997516149498362203e-01,5.062679426252064685e-01,5.116439549833265987e-01,5.159851286073593446e-01,5.193716123915563809e-01,5.218629693336244157e-01,5.235014288218046152e-01,5.243140508785473219e-01,5.243140508785480991e-01,5.235014288218050593e-01,5.218629693336221953e-01,5.193716123915557148e-01,5.159851286073587895e-01,5.116439549833242673e-01,5.062679426252044701e-01,4.997516149498364979e-01,4.919572975307191509e-01,4.827050967474547649e-01,4.717580624065833561e-01,4.587997638306912096e-01,4.433995515214149141e-01,4.249572265543674621e-01,4.026123036371251906e-01,3.750911554461970887e-01,3.404457679009399440e-01,2.956217080735489278e-01,2.359101207121848398e-01,1.556716639490446641e-01,6.335204029161593808e-02,1.035242366889862070e-01,6.449054884047280556e-01,9.252825926172809634e-01,8.625925389952103783e-01
7.265924551638837103e-01,6.291098606161974471e-01,6.759559035697104701e-01,7.380892452257120651e-01,8.201613388748434375e-01,9.168762680128964560e-01,9.339027618926653007e-01,5.274192305995397678e-01,7.053884381611580379e-02,3.815492615693071715e-02,1.117548659070966843e-01,1.816484072592167709e-01,2.361752037972360829e-01,2.780543514845206787e-01,3.106869735813551081e-01,3.365636439133989355e-01,3.573784479883520548e-01,3.742823776781762368e-01,3.880704429307574865e-01,3.993024093051243395e-01,4.083788890805640781e-01,4.155895711476586540e-01,4.211441942994625931e-01,4.251926584273487131e-01,4.278380998114901246e-01,4.291452197205805619e-01,4.291452197205811725e-01,4.278380998114898470e-01,4.251926584273483800e-01,4.211441942994615939e-01,4.155895711476567667e-01,4.083788890805624683e-01,3.993024093051244505e-01,3.880704429307569314e-01,3.742823776781744050e-01,3.573784479883529985e-01,3.365636439134008784e-01,3.106869735813528322e-01,2.780543514845213449e-01,2.361752037972381368e-01,1.816484072592152443e-01,1.117548659070961292e-01,3.815492615692939182e-02,7.053884381611370824e-02,5.274192305995322183e-01,9.339027618926674101e-01,9.168762680128927922e-01,8.201613388748456579e-01,7.380892452257084013e-01,6.759559035697101370e-01,6.291098606161965590e-01
7.361781076066790108e-01,5.272207408037112852e-01,5.477118846000523789e-01,5.757601340420744895e-01,6.125324863626515626e-01,6.602785102252332061e-01,7.227156162495237401e-01,8.045699832779522609e-01,9.042925656045928129e-01,9.660583898631094346e-01,7.374479582471691330e-01,2.193191698863473926e-01,2.360004187923959995e-02,4.123162351190193947e-02,9.657854741112374686e-02,1.476826438546361142e-01,1.889509800607077905e-01,2.214759696303892356e-01,2.470763364067961043e-01,2.672516963075906582e-01,2.831012411754896818e-01,2.954061073464500087e-01,3.047152297582048641e-01,3.114090048904267771e-01,3.157422339079699602e-01,3.178715517395547252e-01,3.178715517395510615e-01,3.157422339079694051e-01,3.114090048904287200e-01,3.047152297582059743e-01,2.954061073464496201e-01,2.831012411754890157e-01,2.672516963075889374e-01,2.470763364067956047e-01,2.214759696303891523e-01,1.889509800607109269e-01,1.476826438546403886e-01,9.657854741112215091e-02,4.123162351190474278e-02,2.360004187924477984e-02,2.193191698863626027e-01,7.374479582471896721e-01,9.660583898631076583e-01,9.042925656045882610e-01,8.045699832779519278e-01,7.227156162495241842e-01,6.602785102252332061e-01,6.125324863626526728e-01,5.757601340420754887e-01,5.477118846000530450e-01,5.272207408037105081e-01
7.457637600494743113e-01,4.766669670707486817e-01,4.812823438717405145e-01,4.920768010495966682e-01,5.090508208332795714e-01,5.325292725263068849e-01,5.633471738766148151e-01,6.030986588241894486e-01,6.544629973563806935e-01,7.214479413754797399e-01,8.083636215701091032e-01,9.108838203404632239e-01,9.700437206570133863e-01,7.762197314347658583e-01,3.169866170237179981e-01,6.150403813440609435e-02,1.884483238415112644e-02,4.250680594336997409e-02,7.716866477785344625e-02,1.087755235991950953e-01,1.346301727253712832e-01,1.548384262938880263e-01,1.700589259916282237e-01,1.809248807391431457e-01,1.879136228649487816e-01,1.913331947037168468e-01,1.913331947037185954e-01,1.879136228649477547e-01,1.809248807391447833e-01,1.700589259916263085e-01,1.548384262938868328e-01,1.346301727253714497e-01,1.087755235991914871e-01,7.716866477785526424e-02,4.250680594336754548e-02,1.884483238415073786e-02,6.150403813441045892e-02,3.169866170237269909e-01,7.762197314347618615e-01,9.700437206570177162e-01,9.108838203404651113e-01,8.083636215701098804e-01,7.214479413754796289e-01,6.544629973563813596e-01,6.030986588241902258e-01,5.633471738766161474e-01,5.325292725263076621e-01,5.090508208332783502e-01,4.920768010495967237e-01,4.812823438717406810e-01,4.766669670707502360e-01
7.553494124922696118e-01,4.595441910437103039e-01,4.515801608579463888e-01,4.493137480687973695e-01,4.526073048135852428e-01,4.613692562534189578e-01,4.756557765045117958e-01,4.957835314674142735e-01,5.224673808542172893e-01,5.570034526257794383e-01,6.015129752104140248e-01,6.591962521687672050e-01,7.341920553963661167e-01,8.289949631124894358e-01,9.307376440384296234e-01,9.635976523983251774e-01,7.608839506557840693e-01,3.783079994228730203e-01,1.271805547732721142e-01,3.825530763559073510e-02,2.196626222578210857e-02,2.921313246372640726e-02,4.165104266127508947e-02,5.294863421546178867e-02,6.098668000720340598e-02,6.509616249410042632e-02,6.509616249409989897e-02,6.098668000720219862e-02,5.294863421546011639e-02,4.165104266127488825e-02,2.921313246372587991e-02,2.196626222578244511e-02,3.825530763559032571e-02,1.271805547732596242e-01,3.783079994228734089e-01,7.608839506557937282e-01,9.635976523983350583e-01,9.307376440384356187e-01,8.289949631124922114e-01,7.341920553963676710e-01,6.591962521687693144e-01,6.015129752104152461e-01,5.570034526257817697e-01,5.224673808542188436e-01,4.957835314674153837e-01,4.756557765045111852e-01,4.613692562534186248e-01,4.526073048135851318e-01,4.493137480687979801e-01,4.515801608579469995e-01,4.595441910437105260e-01
7.649350649350649123e-01,4.661242242846970751e-01,4.484018408991803928e-01,4.356901948363616772e-01,4.280097002353545066e-01,4.253025909744265198e-01,4.274991919819763342e-01,4.345892137230532026e-01,4.466984735541607576e-01,4.641760590587445390e-01,4.877014482414648855e-01,5.184239414201465834e-01,5.581411835753394834e-01,6.094823466791824407e-01,6.758820513913055272e-01,7.604495051275189654e-01,8.605773207235535294e-01,9.502641874933731581e-01,9.502390484246587832e-01,7.716992544534544418e-01,4.915363811634775315e-01,2.722623353082534448e-01,1.506302488232933723e-01,9.215962731532738317e-02,6.605539156391151967e-02,5.619542077503935501e-02,5.619542077503169447e-02,6.605539156391003475e-02,9.215962731532080510e-02,1.506302488232944270e-01,2.722623353082362363e-01,4.915363811634873570e-01,7.716992544534503340e-01,9.502390484246553415e-01,9.502641874933726029e-01,8.605773207235613009e-01,7.604495051275189654e-01,6.758820513913078587e-01,6.094823466791834399e-01,5.581411835753365969e-01,5.184239414201460283e-01,4.877014482414631646e-01,4.641760590587439839e-01,4.466984735541613127e-01,4.345892137230553676e-01,4.274991919819759456e-01,4.253025909744247990e-01,4.280097002353541735e-01,4.356901948363621213e-01,4.484018408991801707e-01,4.661242242846965200e-01
7.745207173778602128e-01,4.879336054227831343e-01,4.634469871696215715e-01,4.430231671517038672e-01,4.268720835886579135e-01,4.150872389508878935e-01,4.076822259120082559e-01,4.046357326245588748e-01,4.059417826992827161e-01,4.116640290792940027e-01,4.219953774453282236e-01,4.373266156746405953e-01,4.583293792548108203e-01,4.860577238144106471e-01,5.220625786286130499e-01,5.684755822559672822e-01,6.279003238749651938e-01,7.026212340108876075e-01,7.919097497357741045e-01,8.854658701198839799e-01,9.543180736088532345e-01,9.562098777351434320e-01,8.767540938222864177e-01,7.581803723007831675e-01,6.571503583541798976e-01,6.030003080498284040e-01,6.030003080498383961e-01,6.571503583541707938e-01,7.581803723007786155e-01,8.767540938222744273e-01,9.562098777351477619e-01,9.543180736088499039e-01,8.854658701198814263e-01,7.919097497357768800e-01,7.026212340108908272e-01,6.279003238749666371e-01,5.684755822559677263e-01,5.220625786286141601e-01,4.860577238144121459e-01,4.583293792548133183e-01,4.373266156746400402e-01,4.219953774453287787e-01,4.116640290792943913e-01,4.059417826992837708e-01,4.046357326245579866e-01,4.076822259120071457e-01,4.150872389508881710e-01,4.268720835886597453e-01,4.430231671517043668e-01,4.634469871696222376e-01,4.879336054227831343e-01
7.841063698206555133e-01,5.179214606979997138e-01,4.894126165525388150e-01,4.639555875564329579e-01,4.418835542943321815e-01,4.234223871308208653e-01,4.087040297769061747e-01,3.977898371110058506e-01,3.907011149029187003e-01,3.874545111096922567e-01,3.881008731628626807e-01,3.927673969730254289e-01,4.017039807068349400e-01,4.153351059135012013e-01,4.343171474005640964e-01,4.595950413844364091e-01,4.924354841178107400e-01,5.343736198545704363e-01,5.869276086742811760e-01,6.508106933574316910e-01,7.243386066938251044e-01,8.013075618322652582e-01,8.704693486985376483e-01,9.201226723932718343e-01,9.464410946688924797e-01,9.556790074017045278e-01,9.556790074017080805e-01,9.464410946688897042e-01,9.201226723932656171e-01,8.704693486985353168e-01,8.013075618322663685e-01,7.243386066938207746e-01,6.508106933574340225e-01,5.869276086742841736e-01,5.343736198545707694e-01,4.924354841178101294e-01,4.595950413844346882e-01,4.343171474005655397e-01,4.153351059135016454e-01,4.017039807068336077e-01,3.927673969730262615e-01,3.881008731628620145e-01,3.874545111096932004e-01,3.907011149029176456e-01,3.977898371110065168e-01,4.087040297769071184e-01,4.234223871308205323e-01,4.418835542943315708e-01,4.639555875564324583e-01,4.894126165525387595e-01,5.179214606980003799e-01
7.936920222634509248e-01,5.509905224353394138e-01,5.206152654974315341e-01,4.923879846027295337e-01,4.666890645549604533e-01,4.438181105247111513e-01,4.239932415319042081e-01,4.073591049719237356e-01,3.940022773614053064e-01,3.839723581713614387e-01,3.773071560621502618e-01,3.740607770243767893e-01,3.743339329293386419e-01,3.783060828676271248e-01,3.862685919256276246e-01,3.986560006841687875e-01,4.160669292577826583e-01,4.392538938316767894e-01,4.690381639284623150e-01,5.060712887448280961e-01,5.503403730831863960e-01,6.003796885767999081e-01,6.524485369756947151e-01,7.004333653925445269e-01,7.372370568299990712e-01,7.571067635304934429e-01,7.571067635304914445e-01,7.372370568299990712e-01,7.004333653925447489e-01,6.524485369756940489e-01,6.003796885767991309e-01,5.503403730831818441e-01,5.060712887448272079e-01,4.690381639284607607e-01,4.392538938316787878e-01,4.160669292577818257e-01,3.986560006841683435e-01,3.862685919256297895e-01,3.783060828676289011e-01,3.743339329293405848e-01,3.740607770243771224e-01,3.773071560621505949e-01,3.839723581713638811e-01,3.940022773614044738e-01,4.073591049719230694e-01,4.239932415319040415e-01,4.438181105247115954e-01,4.666890645549608974e-01,4.923879846027301999e-01,5.206152654974318672e-01,5.509905224353398578e-01
8.032776747062462253e-01,5.838729136979619039e-01,5.531172371814115918e-01,5.237892454782000495e-01,4.962643449596172984e-01,4.708641156907941161e-01,4.478489524457663906e-01,4.274171900206839014e-01,4.097104422313918026e-01,3.948243604847271326e-01,3.828237542182815201e-01,3.737609979668291005e-01,3.676967844122798201e-01,3.647223944297522946e-01,3.649824545414005472e-01,3.686961409245636534e-01,3.761720820395151321e-01,3.878063260790544087e-01,4.040416969291545923e-01,4.252498589504446480e-01,4.514810901978195123e-01,4.820393440512866778e-01,5.149425158270025671e-01,5.465634376586817611e-01,5.719645695610642289e-01,5.862168574854750291e-01,5.862168574854760283e-01,5.719645695610677816e-01,5.465634376586803178e-01,5.149425158270043434e-01,4.820393440512876215e-01,4.514810901978208446e-01,4.252498589504467574e-01,4.040416969291538707e-01,3.878063260790554634e-01,3.761720820395122455e-01,3.686961409245639865e-01,3.649824545414023791e-01,3.647223944297529608e-01,3.676967844122786544e-01,3.737609979668300442e-01,3.828237542182811315e-01,3.948243604847280208e-01,4.097104422313911920e-01,4.274171900206832353e-01,4.478489524457665016e-01,4.708641156907934500e-01,4.962643449596172984e-01,5.237892454782000495e-01,5.531172371814110367e-01,5.838729136979620149e-01
8.128633271490415257e-01,6.147980206711096685e-01,5.845798547397177414e-01,5.552565133403482012e-01,5.271719023745771171e-01,5.006373138142727885e-01,4.759219121272206809e-01,4.532476286473420823e-01,4.327887343814260102e-01,4.146759221220824299e-01,3.990044049178895214e-01,3.858453630228248499e-01,3.752600242961156018e-01,3.673156608061065032e-01,3.621026622119096761e-01,3.597513038362249449e-01,3.604453199972369459e-01,3.644259765140102636e-01,3.719736044256292118e-01,3.833422966007013488e-01,3.986097917800213164e-01,4.174025236718005849e-01,4.385039338307760159e-01,4.595044875672950613e-01,4.768697026883504386e-01,4.868114442208457127e-01,4.868114442208456571e-01,4.768697026883504386e-01,4.595044875672970042e-01,4.385039338307788470e-01,4.174025236718001408e-01,3.986097917800213719e-01,3.833422966007005717e-01,3.719736044256291008e-01,3.644259765140090979e-01,3.604453199972372235e-01,3.597513038362228355e-01,3.621026622119108973e-01,3.673156608061072248e-01,3.752600242961166011e-01,3.858453630228240727e-01,3.990044049178899654e-01,4.146759221220818192e-01,4.327887343814265653e-01,4.532476286473420823e-01,4.759219121272201258e-01,5.006373138142725665e-01,5.271719023745771171e-01,5.552565133403476461e-01,5.845798547397171863e-01,6.147980206711095574e-01
8.224489795918368262e-01,6.429390720159953165e-01,6.137670869668961915e-01,5.851157085569426153e-01,5.572879465289359846e-01,5.305690441739473462e-01,5.052170055653957270e-01,4.814559878842328278e-01,4.594730176544208344e-01,4.394181868116617817e-01,4.214082176809031965e-01,4.055330971232367077e-01,3.918653812276385873e-01,3.804717350610422044e-01,3.714262129207827612e-01,3.648245241007220252e-01,3.607977088505548435e-01,3.595215767013386632e-01,3.612137070504001235e-01,3.661010773735444701e-01,3.743277760335462223e-01,3.857602133873904715e-01,3.996647637491166916e-01,4.143401093096161225e-01,4.270157985458261085e-01,4.344786658914902566e-01,4.344786658914933652e-01,4.270157985458268857e-01,4.143401093096142906e-01,3.996647637491155813e-01,3.857602133873876959e-01,3.743277760335452231e-01,3.661010773735439150e-01,3.612137070504015113e-01,3.595215767013387187e-01,3.607977088505559538e-01,3.648245241007218032e-01,3.714262129207829277e-01,3.804717350610417048e-01,3.918653812276384207e-01,4.055330971232370962e-01,4.214082176809026414e-01,4.394181868116613932e-01,4.594730176544207234e-01,4.814559878842332163e-01,5.052170055653955050e-01,5.305690441739469021e-01,5.572879465289356515e-01,5.851157085569425043e-01,6.137670869668969686e-01,6.429390720159955386e-01
8.320346320346321267e-01,6.680441391994288436e-01,6.401498938699603514e-01,6.125230329738893253e-01,5.854254465240602556e-01,5.591110272819133087e-01,5.338170745706826148e-01,5.097575305085914055e-01,4.871185167111699577e-01,4.660564531130068633e-01,4.466988541057084761e-01,4.291477487625669496e-01,4.134855862765250967e-01,3.997834691025255460e-01,3.881115772374549855e-01,3.785516229378882991e-01,3.712108964085873986e-01,3.662364464727883018e-01,3.638251231338209823e-01,3.642184418468572549e-01,3.676571915567843352e-01,3.742478843240187869e-01,3.836767274082147905e-01,3.947649594587144817e-01,4.051194876676220691e-01,4.115281567399556306e-01,4.115281567399546314e-01,4.051194876676222911e-01,3.947649594587162025e-01,3.836767274082160672e-01,3.742478843240189534e-01,3.676571915567842797e-01,3.642184418468577545e-01,3.638251231338192615e-01,3.662364464727878577e-01,3.712108964085875651e-01,3.785516229378882436e-01,3.881115772374545414e-01,3.997834691025247134e-01,4.134855862765259849e-01,4.291477487625666720e-01,4.466988541057079209e-01,4.660564531130071408e-01,4.871185167111704017e-01,5.097575305085920716e-01,5.338170745706831699e-01,5.591110272819134197e-01,5.854254465240595895e-01,6.125230329738888813e-01,6.401498938699604624e-01,6.680441391994290656e-01
8.416202844774274272e-01,6.901851165745973571e-01,6.636277761894600058e-01,6.371712296719528323e-01,6.110398201522226902e-01,5.854560857515170857e-01,5.606332022163419415e-01,5.367685970313934574e-01,5.140391357431784991e-01,4.925981759256810033e-01,4.725746644881773650e-01,4.540743517519581496e-01,4.371831398871254826e-01,4.219725979385633985e-01,4.085077794013852182e-01,3.968576667756825160e-01,3.871088292996544000e-01,3.793830179390512147e-01,3.738589119986694409e-01,3.707953171401062176e-01,3.705429359934786504e-01,3.735027490096210490e-01,3.799231822986563478e-01,3.893466025024865385e-01,3.996724018344618989e-01,4.067939201315332598e-01,4.067939201315344810e-01,3.996724018344628981e-01,3.893466025024862054e-01,3.799231822986559037e-01,3.735027490096223812e-01,3.705429359934783173e-01,3.707953171401059400e-01,3.738589119986697740e-01,3.793830179390523250e-01,3.871088292996547886e-01,3.968576667756819609e-01,4.085077794013853292e-01,4.219725979385626213e-01,4.371831398871257601e-01,4.540743517519583716e-01,4.725746644881771985e-01,4.925981759256801706e-01,5.140391357431783881e-01,5.367685970313939015e-01,5.606332022163419415e-01,5.854560857515177519e-01,6.110398201522229122e-01,6.371712296719534985e-01,6.636277761894598948e-01,6.901851165745973571e-01
8.512059369202227277e-01,7.096041827544714575e-01,6.843418992750877061e-01,6.590729150133293190e-01,6.339884770524573110e-01,6.092818075160945090e-01,5.851414437182841377e-01,5.617453203185994726e-01,5.392558933965302392e-01,5.178165471809359488e-01,4.975494409076599567e-01,4.785548690128359484e-01,4.609121497025507885e-01,4.446820364725314056e-01,4.299107272488527087e-01,4.166357344305164356e-01,4.048943131580313715e-01,3.947360174244753939e-01,3.862427364856815259e-01,3.795632827002657916e-01,3.749773349840418990e-01,3.730180217769656359e-01,3.746948267929615106e-01,3.817445031076145412e-01,3.957774208274500993e-01,4.116511825784355816e-01,4.116511825784344158e-01,3.957774208274503769e-01,3.817445031076143191e-01,3.746948267929604559e-01,3.730180217769665241e-01,3.749773349840410108e-01,3.795632827002647924e-01,3.862427364856819700e-01,3.947360174244753939e-01,4.048943131580313159e-01,4.166357344305159360e-01,4.299107272488524312e-01,4.446820364725314612e-01,4.609121497025508996e-01,4.785548690128360594e-01,4.975494409076600122e-01,5.178165471809366149e-01,5.392558933965302392e-01,5.617453203186000277e-01,5.851414437182841377e-01,6.092818075160952862e-01,6.339884770524570889e-01,6.590729150133299852e-01,6.843418992750881502e-01,7.096041827544707914e-01
8.607915893630180282e-01,7.265464826287654221e-01,7.024835195909329144e-01,6.783458938723998521e-01,6.542956421651259236e-01,6.304988513824844043e-01,6.071196086491454924e-01,5.843143734253918309e-01,5.622269360702347729e-01,5.409840707777545665e-01,5.206918856526315809e-01,5.014327085966925335e-01,4.832621096682594986e-01,4.662052757536021552e-01,4.502512217030600339e-01,4.353417979719862996e-01,4.213488347175827764e-01,4.080232094116164054e-01,3.948711014913962591e-01,3.808139606688981660e-01,3.630910823834753165e-01,3.341212443381061381e-01,6.349908002567191678e-01,4.947853638988257696e-01,4.428171773026531866e-01,4.293805481223231246e-01,4.293805481223235687e-01,4.428171773026554070e-01,4.947853638988261027e-01,6.349908002568335208e-01,3.341212443381073038e-01,3.630910823834745949e-01,3.808139606688972778e-01,3.948711014913967587e-01,4.080232094116161834e-01,4.213488347175831650e-01,4.353417979719858555e-01,4.502512217030593122e-01,4.662052757536031544e-01,4.832621096682595541e-01,5.014327085966925335e-01,5.206918856526302486e-01,5.409840707777545665e-01,5.622269360702346619e-01,5.843143734253914978e-01,6.071196086491449373e-01,6.304988513824840712e-01,6.542956421651259236e-01,6.783458938723999632e-01,7.024835195909325813e-01,7.265464826287657552e-01
8.703772418058133287e-01,7.413206778151317788e-01,7.183326153375760859e-01,6.952262854040204276e-01,6.721372369142637471e-01,6.492057899125835974e-01,6.265711733662238103e-01,6.043657385460110554e-01,5.827091885139368266e-01,5.617026266585011252e-01,5.414219117106615631e-01,5.219092502391008415e-01,5.031607684868560915e-01,4.851052684897251277e-01,4.675632787674982582e-01,4.501593088789720976e-01,4.321116104925022405e-01,4.116574393299948786e-01,3.842882893186319593e-01,3.439382320434167806e-01,7.714135103806352145e-01,5.392413323207855269e-01,4.824692084057101704e-01,4.605647709654164812e-01,4.500749056211909016e-01,4.456035263251666989e-01,4.456035263251675316e-01,4.500749056211905130e-01,4.605647709654163147e-01,4.824692084057110031e-01,5.392413323207827514e-01,7.714135103806276650e-01,3.439382320434204443e-01,3.842882893186322368e-01,4.116574393299936019e-01,4.321116104925023516e-01,4.501593088789723196e-01,4.675632787674985358e-01,4.851052684897250167e-01,5.031607684868564245e-01,5.219092502391010635e-01,5.414219117106614521e-01,5.617026266585011252e-01,5.827091885139363825e-01,6.043657385460111664e-01,6.265711733662236993e-01,6.492057899125839304e-01,6.721372369142643022e-01,6.952262854040200946e-01,7.183326153375760859e-01,7.413206778151317788e-01
8.799628942486086292e-01,7.541073610662712978e-01,7.320554253095552522e-01,7.098559420390110342e-01,6.876191106565399114e-01,6.654591979289345982e-01,6.434882028766608641e-01,6.218090048386117896e-01,6.005074509060994714e-01,5.796423473965920392e-01,5.592312386906879151e-01,5.392274617604242426e-01,5.194783302948428050e-01,4.996396656290364446e-01,4.789792989473462548e-01,4.558607072463667365e-01,4.261810372067721397e-01,3.800933556070176245e-01,6.449407307642978093e-01,6.218660407958618297e-01,5.337081596661487071e-01,5.007277784217318839e-01,4.833424097189861768e-01,4.730167984678495530e-01,4.669870352562424110e-01,4.641722925643032016e-01,4.641722925643035902e-01,4.669870352562431881e-01,4.730167984678503856e-01,4.833424097189862878e-01,5.007277784217329941e-01,5.337081596661514826e-01,6.218660407958735981e-01,6.449407307642510689e-01,3.800933556070123509e-01,4.261810372067714181e-01,4.558607072463661258e-01,4.789792989473458107e-01,4.996396656290365001e-01,5.194783302948434711e-01,5.392274617604247977e-01,5.592312386906878041e-01,5.796423473965925943e-01,6.005074509060993604e-01,6.218090048386116786e-01,6.434882028766610862e-01,6.654591979289338211e-01,6.876191106565399114e-01,7.098559420390102570e-01,7.320554253095553632e-01,7.541073610662714088e-01
8.895485466914039296e-01,7.652165072809280488e-01,7.439568743360474024e-01,7.225249344528252848e-01,7.010046638140188247e-01,6.794814751507830541e-01,6.580342312863141085e-01,6.367253847579574799e-01,6.155874821350006965e-01,5.946024557993198068e-01,5.736659626772642184e-01,5.525185309674484069e-01,5.305960627516504990e-01,5.066596686026129115e-01,4.777247195856524353e-01,4.355452959165161952e-01,3.835989147739825023e-01,7.638282656859087805e-01,6.030798378925107395e-01,5.501472875097745963e-01,5.239615306110801951e-01,5.078712746601413697e-01,4.971212313830780105e-01,4.898978949057766208e-01,4.853900790802654908e-01,4.832146877306234267e-01,4.832146877306237043e-01,4.853900790802655463e-01,4.898978949057768428e-01,4.971212313830797314e-01,5.078712746601422579e-01,5.239615306110799731e-01,5.501472875097727089e-01,6.030798378925112946e-01,7.638282656859033404e-01,3.835989147739780059e-01,4.355452959165185267e-01,4.777247195856521578e-01,5.066596686026135776e-01,5.305960627516504990e-01,5.525185309674485179e-01,5.736659626772634413e-01,5.946024557993198068e-01,6.155874821350003634e-01,6.367253847579572579e-01,6.580342312863134424e-01,6.794814751507831652e-01,7.010046638140190467e-01,7.225249344528252848e-01,7.439568743360465142e-01,7.652165072809280488e-01
8.991341991341992301e-01,7.747992032617331271e-01,7.541833658217735881e-01,7.333673263561198974e-01,7.124050918801030363e-01,6.913461968907990141e-01,6.702236336023071894e-01,6.490365502391091113e-01,6.277222790678217423e-01,6.061056684227278391e-01,5.837962094090856091e-01,5.599515969389428083e-01,5.326480234922827961e-01,4.968705729996175102e-01,4.375729328620560632e-01,5.257040857811312584e-01,7.108697886509418584e-01,6.129427882665975380e-01,5.723179208627479087e-01,5.488795452841308542e-01,5.330667190376009446e-01,5.216804064607731828e-01,5.133770212011669054e-01,5.075084138467558237e-01,5.037377607353938913e-01,5.018902130250092464e-01,5.018902130250096905e-01,5.037377607353938913e-01,5.075084138467558237e-01,5.133770212011672385e-01,5.216804064607729607e-01,5.330667190376019438e-01,5.488795452841315203e-01,5.723179208627487968e-01,6.129427882665987593e-01,7.108697886509479646e-01,5.257040857811894341e-01,4.375729328620565073e-01,4.968705729996191756e-01,5.326480234922815749e-01,5.599515969389430303e-01,5.837962094090853871e-01,6.061056684227276170e-01,6.277222790678227415e-01,6.490365502391091113e-01,6.702236336023071894e-01,6.913461968907993471e-01,7.124050918801033694e-01,7.333673263561203415e-01,7.541833658217736991e-01,7.747992032617331271e-01
9.087198515769945306e-01,7.830101456775496738e-01,7.628833391760159177e-01,7.425161791360707086e-01,7.219244192271524474e-01,7.011071463287307237e-01,6.800252219806375287e-01,6.585653699896074631e-01,6.364726574761542244e-01,6.132075339833116256e-01,5.876001140321061023e-01,5.568645426567265799e-01,5.131375415739340973e-01,4.316903094837499233e-01,7.498534048481573233e-01,7.020443194215320037e-01,6.313040505550525650e-01,5.963945997642157160e-01,5.742042434364890147e-01,5.582620362995676100e-01,5.461736770959630949e-01,5.368687539922434304e-01,5.298061650053573768e-01,5.246904354408559179e-01,5.213545831451901202e-01,5.197070598704474076e-01,5.197070598704475186e-01,5.213545831451892321e-01,5.246904354408559179e-01,5.298061650053567107e-01,5.368687539922430974e-01,5.461736770959630949e-01,5.582620362995679431e-01,5.742042434364865722e-01,5.963945997642148278e-01,6.313040505550535642e-01,7.020443194215316707e-01,7.498534048481574343e-01,4.316903094837551969e-01,5.131375415739353185e-01,5.568645426567272461e-01,5.876001140321064353e-01,6.132075339833117367e-01,6.364726574761544464e-01,6.585653699896065749e-01,6.800252219806376397e-01,7.011071463287305017e-01,7.219244192271533356e-01,7.425161791360710417e-01,7.628833391760163618e-01,7.830101456775490076e-01
9.183055040197898311e-01,7.899701625959030249e-01,7.701662163751837875e-01,7.500571489432965588e-01,7.296041542260550683e-01,7.087265526563334417e-01,6.872574496267170874e-01,6.648584146965511588e-01,6.408327809208556047e-01,6.136541862560830340e-01,5.795387229738830914e-01,5.269676311973251481e-01,4.203859293796879393e-01,8.013254231065740640e-01,7.100495821438825850e-01,6.526971578194742385e-01,6.208812474708877982e-01,5.992740732371770740e-01,5.830376455641919087e-01,5.702536852937654110e-01,5.600274281960050393e-01,5.518928557076154817e-01,5.455883895952681195e-01,5.409603478182332115e-01,5.379173609541940682e-01,5.364076330388362068e-01,5.364076330388358738e-01,5.379173609541941792e-01,5.409603478182327674e-01,5.455883895952674534e-01,5.518928557076158148e-01,5.600274281960053724e-01,5.702536852937644118e-01,5.830376455641923528e-01,5.992740732371776291e-01,6.208812474708880202e-01,6.526971578194753487e-01,7.100495821438813637e-01,8.013254231065770616e-01,4.203859293796863295e-01,5.269676311973273686e-01,5.795387229738836465e-01,6.136541862560830340e-01,6.408327809208560488e-01,6.648584146965516029e-01,6.872574496267171984e-01,7.087265526563325535e-01,7.296041542260551793e-01,7.500571489432968919e-01,7.701662163751830104e-01,7.899701625959030249e-01
9.278911564625851316e-01,7.957974920547925546e-01,7.761305285215596150e-01,7.560494055301938410e-01,7.354289669729034973e-01,7.140479394689758230e-01,6.914859375682514964e-01,6.668929249910723334e-01,6.383865986000434312e-01,6.011327384552637154e-01,5.393972663704220682e-01,4.092522914565828174e-01,8.059698113377630202e-01,7.247400137523792862e-01,6.750387707059520848e-01,6.450826367612688683e-01,6.237429485373194860e-01,6.071603601527937322e-01,5.937249342683907916e-01,5.826630254427236366e-01,5.735640039160625481e-01,5.661940115659556128e-01,5.604132579371294831e-01,5.561358869344551481e-01,5.533092636835191813e-01,5.519029458726011361e-01,5.519029458726015802e-01,5.533092636835188483e-01,5.561358869344549261e-01,5.604132579371288170e-01,5.661940115659560568e-01,5.735640039160626591e-01,5.826630254427241917e-01,5.937249342683903475e-01,6.071603601527939542e-01,6.237429485373195970e-01,6.450826367612690904e-01,6.750387707059509745e-01,7.247400137523788421e-01,8.059698113377660178e-01,4.092522914565827064e-01,5.393972663704218462e-01,6.011327384552634934e-01,6.383865986000443193e-01,6.668929249910715562e-01,6.914859375682521625e-01,7.140479394689752679e-01,7.354289669729039414e-01,7.560494055301928418e-01,7.761305285215596150e-01,7.957974920547927766e-01
9.374768089053804321e-01,8.004646315057907247e-01,7.807052196845117864e-01,7.603444803764951576e-01,7.391063832456142846e-01,7.164938846032419262e-01,6.915182304832923066e-01,6.619738069703289263e-01,6.220366895631370685e-01,5.517005071741805100e-01,4.023304214765202058e-01,8.084583771239629568e-01,7.421015970310081977e-01,6.973166974669523510e-01,6.685766060534935606e-01,6.473514346847016876e-01,6.304249264951756748e-01,6.164000880739997079e-01,6.045907428948416040e-01,5.946283849628803964e-01,5.863018681566311008e-01,5.794843974027932276e-01,5.740973646128958441e-01,5.700912883133860687e-01,5.674353442793630409e-01,5.661115297666113877e-01,5.661115297666123869e-01,5.674353442793624858e-01,5.700912883133860687e-01,5.740973646128963992e-01,5.794843974027930056e-01,5.863018681566311008e-01,5.946283849628802853e-01,6.045907428948423812e-01,6.164000880740002630e-01,6.304249264951747866e-01,6.473514346847014655e-01,6.685766060534916733e-01,6.973166974669515739e-01,7.421015970310090859e-01,8.084583771239605143e-01,4.023304214765194287e-01,5.517005071741793998e-01,6.220366895631374016e-01,6.619738069703284822e-01,6.915182304832921956e-01,7.164938846032413711e-01,7.391063832456143956e-01,7.603444803764959348e-01,7.807052196845118974e-01,8.004646315057907247e-01
9.470624613481757326e-01,8.040052898490348543e-01,7.838554865450296782e-01,7.627733451237965756e-01,7.401918053721294743e-01,7.150065038838849807e-01,6.847507554366785154e-01,6.427915149801395334e-01,5.654545438586350281e-01,3.984604768393816832e-01,8.121675262710347232e-01,7.603303053721899296e-01,7.190823398078309836e-01,6.912136084218127863e-01,6.700370332474719914e-01,6.527968988178532994e-01,6.382521715007882790e-01,6.257825081134961165e-01,6.150523204554037004e-01,6.058692295163172759e-01,5.981181552627481413e-01,5.917281044364085529e-01,5.866543925454638098e-01,5.828687001268233470e-01,5.803533598612827804e-01,5.790980657200205384e-01,5.790980657200212045e-01,5.803533598612816702e-01,5.828687001268235690e-01,5.866543925454629216e-01,5.917281044364083309e-01,5.981181552627478082e-01,6.058692295163173869e-01,6.150523204554037004e-01,6.257825081134956724e-01,6.382521715007889451e-01,6.527968988178528553e-01,6.700370332474725465e-01,6.912136084218131193e-01,7.190823398078315387e-01,7.603303053721885973e-01,8.121675262710350562e-01,3.984604768393874563e-01,5.654545438586365824e-01,6.427915149801386452e-01,6.847507554366796256e-01,7.150065038838852027e-01,7.401918053721295854e-01,7.627733451237972417e-01,7.838554865450292342e-01,8.040052898490348543e-01
9.566481137909710331e-01,8.063143241252911375e-01,7.853444146051054009e-01,7.628307546081602997e-01,7.375795978305698108e-01,7.069452036166475883e-01,6.637612377332133828e-01,5.819087384671683960e-01,3.954916804738163316e-01,8.146834532388411709e-01,7.784439830547068562e-01,7.400785158446628875e-01,7.129008744398330766e-01,6.917528467741567155e-01,6.742413250130582236e-01,6.592465535971767654e-01,6.461995807815928972e-01,6.347910125157840699e-01,6.248439777438742349e-01,6.162536760290295845e-01,6.089564269548689568e-01,6.029128799137692951e-01,5.980984970287015479e-01,5.944979909081874458e-01,5.921020220475351481e-01,5.909052508507054435e-01,5.909052508507055546e-01,5.921020220475357032e-01,5.944979909081877789e-01,5.980984970287015479e-01,6.029128799137695172e-01,6.089564269548687347e-01,6.162536760290293625e-01,6.248439777438742349e-01,6.347910125157828487e-01,6.461995807815928972e-01,6.592465535971767654e-01,6.742413250130580016e-01,6.917528467741566045e-01,7.129008744398322994e-01,7.400785158446622214e-01,7.784439830547070782e-01,8.146834532388435024e-01,3.954916804738172198e-01,5.819087384671662866e-01,6.637612377332147151e-01,7.069452036166479214e-01,7.375795978305681455e-01,7.628307546081598556e-01,7.853444146051050678e-01,8.063143241252908044e-01
9.662337662337663335e-01,8.071671638279823702e-01,7.846950801411567422e-01,7.594725226638213700e-01,7.287624185426708756e-01,6.851883903839361967e-01,6.017778915308955590e-01,3.963621092755524877e-01,8.124049622350755229e-01,7.958001623259858270e-01,7.601644125644588801e-01,7.336058757972915290e-01,7.124934997371621392e-01,6.947568524828412473e-01,6.793782273232770175e-01,6.658306999316013775e-01,6.538261525393505025e-01,6.432005139304490804e-01,6.338578030644936856e-01,6.257410001516223730e-01,6.188160351546299065e-01,6.130626029252117526e-01,6.084687261629182498e-01,6.050274712321175308e-01,6.027349504738285235e-01,6.015891239904453958e-01,6.015891239904437304e-01,6.027349504738289676e-01,6.050274712321180859e-01,6.084687261629182498e-01,6.130626029252130849e-01,6.188160351546303506e-01,6.257410001516218179e-01,6.338578030644943517e-01,6.432005139304490804e-01,6.538261525393496143e-01,6.658306999316008223e-01,6.793782273232776836e-01,6.947568524828419134e-01,7.124934997371610290e-01,7.336058757972911959e-01,7.601644125644582140e-01,7.958001623259844948e-01,8.124049622350776323e-01,3.963621092755559849e-01,6.017778915308951149e-01,6.851883903839371959e-01,7.287624185426715417e-01,7.594725226638215920e-01,7.846950801411557430e-01,8.071671638279822591e-01
9.758194186765616340e-01,8.061426547491713501e-01,7.809672974256324229e-01,7.504165827626285701e-01,7.072179076706642809e-01,6.251466635316679232e-01,4.082418884613804311e-01,8.001966500091632906e-01,8.118406794074710664e-01,7.792628559242761321e-01,7.533424949352989231e-01,7.322927397498454338e-01,7.143777682219109026e-01,6.986758566419128957e-01,6.846970187657946960e-01,6.721710470390095393e-01,6.609444886864112023e-01,6.509287899537450350e-01,6.420727632850901090e-01,6.343472298956496225e-01,6.277360992757303748e-01,6.222310246642782650e-01,6.178281315748602731e-01,6.145259918986115677e-01,6.123243698332607732e-01,6.112234610945788127e-01,6.112234610945783686e-01,6.123243698332605511e-01,6.145259918986114567e-01,6.178281315748597180e-01,6.222310246642774878e-01,6.277360992757304858e-01,6.343472298956506217e-01,6.420727632850903310e-01,6.509287899537449240e-01,6.609444886864116464e-01,6.721710470390102055e-01,6.846970187657945850e-01,6.986758566419138949e-01,7.143777682219100145e-01,7.322927397498454338e-01,7.533424949352985900e-01,7.792628559242760211e-01,8.118406794074720656e-01,8.001966500091686196e-01,4.082418884613804866e-01,6.251466635316723641e-01,7.072179076706660572e-01,7.504165827626287921e-01,7.809672974256323119e-01,8.061426547491712391e-01
9.854050711193569345e-01,8.024155399773484909e-01,7.721480328992956776e-01,7.299255617504732951e-01,6.515660357682508952e-01,4.367375968590558877e-01,7.700798487743194531e-01,8.258697762312641188e-01,7.973059438530138987e-01,7.721434804998223989e-01,7.512030105885019182e-01,7.331561767293612863e-01,7.171851564667222068e-01,7.028361201695068061e-01,6.898549502389185184e-01,6.780971890196556551e-01,6.674804542840055976e-01,6.579584872890922309e-01,6.495064108795925994e-01,6.421120407304249378e-01,6.357706104128656444e-01,6.304814996698284713e-01,6.262461785533854908e-01,6.230669101804193755e-01,6.209459377578050443e-01,6.198849879161856258e-01,6.198849879161858478e-01,6.209459377578051553e-01,6.230669101804182652e-01,6.262461785533854908e-01,6.304814996698296925e-01,6.357706104128665325e-01,6.421120407304259370e-01,6.495064108795922664e-01,6.579584872890911207e-01,6.674804542840058197e-01,6.780971890196558771e-01,6.898549502389186294e-01,7.028361201695066951e-01,7.171851564667214296e-01,7.331561767293622855e-01,7.512030105885016962e-01,7.721434804998239532e-01,7.973059438530137877e-01,8.258697762312635637e-01,7.700798487743254483e-01,4.367375968590503366e-01,6.515660357682464543e-01,7.299255617504729621e-01,7.721480328992952336e-01,8.024155399773484909e-01
9.949907235621522350e-01,7.943023203922275899e-01,7.534191558828147173e-01,6.803484982062473208e-01,4.813858600793305964e-01,7.106608587422519330e-01,8.367971305697425866e-01,8.142100388847609560e-01,7.900669739058465701e-01,7.693104984174936600e-01,7.511806053616059131e-01,7.349894468746024367e-01,7.203238112710257379e-01,7.069456923243231383e-01,6.947187038557190997e-01,6.835656180684190897e-01,6.734442227993798769e-01,6.643332552859408935e-01,6.562239556564053444e-01,6.491148570365816717e-01,6.430085054255465504e-01,6.379093670280975292e-01,6.338224856287376641e-01,6.307526233328807352e-01,6.287037175947274292e-01,6.276785483323138459e-01,6.276785483323144010e-01,6.287037175947283174e-01,6.307526233328796250e-01,6.338224856287381082e-01,6.379093670280979733e-01,6.430085054255457733e-01,6.491148570365814496e-01,6.562239556564056775e-01,6.643332552859416706e-01,6.734442227993793217e-01,6.835656180684190897e-01,6.947187038557185446e-01,7.069456923243228053e-01,7.203238112710260710e-01,7.349894468746021037e-01,7.511806053616056911e-01,7.693104984174928829e-01,7.900669739058454599e-01,8.142100388847609560e-01,8.367971305697434747e-01,7.106608587422473811e-01,4.813858600793296527e-01,6.803484982062446562e-01,7.534191558828136071e-01,7.943023203922288111e-01
1.004576376004947535e+00,7.778510519201908835e-01,7.107813189396477993e-01,5.365282539001741124e-01,6.129912620110452570e-01,8.426099091985117528e-01,8.297558501676592924e-01,8.071128943401235656e-01,7.866547456476711275e-01,7.684941408185749223e-01,7.521257025693437459e-01,7.371882648546134176e-01,7.234622312560012869e-01,7.108191867042936707e-01,6.991863213617750539e-01,6.885246325352804009e-01,6.788157128729006562e-01,6.700536074359884076e-01,6.622396874513921672e-01,6.553793637221734247e-01,6.494799527436710962e-01,6.445492829263858026e-01,6.405947851889312039e-01,6.376229046864755334e-01,6.356387271150447660e-01,6.346457494116937159e-01,6.346457494116939380e-01,6.356387271150445439e-01,6.376229046864755334e-01,6.405947851889314260e-01,6.445492829263864687e-01,6.494799527436712072e-01,6.553793637221727586e-01,6.622396874513912790e-01,6.700536074359886296e-01,6.788157128729006562e-01,6.885246325352798458e-01,6.991863213617742767e-01,7.108191867042938927e-01,7.234622312560012869e-01,7.371882648546130845e-01,7.521257025693429688e-01,7.684941408185751444e-01,7.866547456476712386e-01,8.071128943401232325e-01,8.297558501676585152e-01,8.426099091985118639e-01,6.129912620110242738e-01,5.365282539001677842e-01,7.107813189396477993e-01,7.778510519201905504e-01
1.014162028447742836e+00,7.424821980471831839e-01,5.955468382738817734e-01,4.957053107265020353e-01,8.395352119891255072e-01,8.435596556786199018e-01,8.232737098613153170e-01,8.032956422520828310e-01,7.851673313531198906e-01,7.686605310976403205e-01,7.534879216258998369e-01,7.394538564027998140e-01,7.264389514184943497e-01,7.143745049635563671e-01,7.032240137715888295e-01,6.929711553116278955e-01,6.836120763514343945e-01,6.751503990062103222e-01,6.675939438803449866e-01,6.609525569731099504e-01,6.552366605735370220e-01,6.504562875040301728e-01,6.466204420770633732e-01,6.437366832296563812e-01,6.418108588325684982e-01,6.408469427979615052e-01,6.408469427979618382e-01,6.418108588325690533e-01,6.437366832296579355e-01,6.466204420770635952e-01,6.504562875040307279e-01,6.552366605735369109e-01,6.609525569731095063e-01,6.675939438803448756e-01,6.751503990062107663e-01,6.836120763514348386e-01,6.929711553116278955e-01,7.032240137715884964e-01,7.143745049635547018e-01,7.264389514184933505e-01,7.394538564028000360e-01,7.534879216258991708e-01,7.686605310976396543e-01,7.851673313531208898e-01,8.032956422520824979e-01,8.232737098613155391e-01,8.435596556786195688e-01,8.395352119891262843e-01,4.957053107265005365e-01,5.955468382738852151e-01,7.424821980471881799e-01
1.023747680890538136e+00,6.540537777396819852e-01,4.270760517151424018e-01,8.204331688331957251e-01,8.549205175755844044e-01,8.385189200935414533e-01,8.193188896866759885e-01,8.013092310832038434e-01,7.847035765819923014e-01,7.693263279604459770e-01,7.550161120902545431e-01,7.416653035531840521e-01,7.292096230319611294e-01,7.176145773586936061e-01,7.068652039147237387e-01,6.969590094932931468e-01,6.879011968100868790e-01,6.797014320041901980e-01,6.723716432585553626e-01,6.659245162015939856e-01,6.603724664792102184e-01,6.557269427135772322e-01,6.519979595386024007e-01,6.491937907618358095e-01,6.473207732764585387e-01,6.463831869788456697e-01,6.463831869788448925e-01,6.473207732764576505e-01,6.491937907618359205e-01,6.519979595386033999e-01,6.557269427135765660e-01,6.603724664792099963e-01,6.659245162015937636e-01,6.723716432585552516e-01,6.797014320041907531e-01,6.879011968100866570e-01,6.969590094932921476e-01,7.068652039147239607e-01,7.176145773586933840e-01,7.292096230319609074e-01,7.416653035531832749e-01,7.550161120902538769e-01,7.693263279604467542e-01,7.847035765819917463e-01,8.013092310832046206e-01,8.193188896866762105e-01,8.385189200935411202e-01,8.549205175755848485e-01,8.204331688331943928e-01,4.270760517151367952e-01,6.540537777396786545e-01
1.033333333333333437e+00,4.564258909343517634e-01,7.727258268581140843e-01,8.624455482969192177e-01,8.526768688396602069e-01,8.347436526398279710e-01,8.169749563315468199e-01,8.003111194771124204e-01,7.847515018689447119e-01,7.701863626014322506e-01,7.565248519341056799e-01,7.437082199751473555e-01,7.317037455768309329e-01,7.204971359351428628e-01,7.100864575921622679e-01,7.004777220783620084e-01,6.916817545821635216e-01,6.837119855288554815e-01,6.765828952532080276e-01,6.703089216930848693e-01,6.649036983644955878e-01,6.603795289253876488e-01,6.567470310941907474e-01,6.540149009744358199e-01,6.521897619392453826e-01,6.512760720826000771e-01,6.512760720825995220e-01,6.521897619392440504e-01,6.540149009744364861e-01,6.567470310941911915e-01,6.603795289253885370e-01,6.649036983644942556e-01,6.703089216930847583e-01,6.765828952532085827e-01,6.837119855288549264e-01,6.916817545821628554e-01,7.004777220783624525e-01,7.100864575921623789e-01,7.204971359351424187e-01,7.317037455768315990e-01,7.437082199751475775e-01,7.565248519341059019e-01,7.701863626014328057e-01,7.847515018689452670e-01,8.003111194771119763e-01,8.169749563315465979e-01,8.347436526398287482e-01,8.526768688396609841e-01,8.624455482969203279e-01,7.727258268581201905e-01,4.564258909343458792e-01
