0.200000	4.497430	0.000023
0.201000	4.497401	0.000023
0.202000	4.497372	0.000024
0.203000	4.497343	0.000024
0.204000	4.497313	0.000025
0.205000	4.497283	0.000025
0.206000	4.497254	0.000026
0.207000	4.497224	0.000026
0.208000	4.497193	0.000026
0.209000	4.497163	0.000027
0.210000	4.497132	0.000027
0.211000	4.497101	0.000028
0.212000	4.497070	0.000028
0.213000	4.497038	0.000029
0.214000	4.497007	0.000029
0.215000	4.496975	0.000030
0.216000	4.496943	0.000030
0.217000	4.496911	0.000031
0.218000	4.496878	0.000031
0.219000	4.496845	0.000032
0.220000	4.496812	0.000032
0.221000	4.496779	0.000033
0.222000	4.496745	0.000033
0.223000	4.496712	0.000034
0.224000	4.496678	0.000034
0.225000	4.496643	0.000035
0.226000	4.496609	0.000036
0.227000	4.496574	0.000036
0.228000	4.496539	0.000037
0.229000	4.496504	0.000037
0.230000	4.496469	0.000038
0.231000	4.496433	0.000038
0.232000	4.496397	0.000039
0.233000	4.496361	0.000040
0.234000	4.496324	0.000040
0.235000	4.496287	0.000041
0.236000	4.496250	0.000042
0.237000	4.496213	0.000042
0.238000	4.496176	0.000043
0.239000	4.496138	0.000044
0.240000	4.496100	0.000044
0.241000	4.496061	0.000045
0.242000	4.496023	0.000046
0.243000	4.495984	0.000046
0.244000	4.495945	0.000047
0.245000	4.495905	0.000048
0.246000	4.495865	0.000049
0.247000	4.495825	0.000049
0.248000	4.495785	0.000050
0.249000	4.495745	0.000051
0.250000	4.495704	0.000052
0.251000	4.495662	0.000052
0.252000	4.495621	0.000053
0.253000	4.495579	0.000054
0.254000	4.495537	0.000055
0.255000	4.495495	0.000056
0.256000	4.495452	0.000056
0.257000	4.495409	0.000057
0.258000	4.495366	0.000058
0.259000	4.495322	0.000059
0.260000	4.495278	0.000060
0.261000	4.495234	0.000061
0.262000	4.495190	0.000062
0.263000	4.495145	0.000063
0.264000	4.495100	0.000064
0.265000	4.495054	0.000065
0.266000	4.495008	0.000065
0.267000	4.494962	0.000066
0.268000	4.494916	0.000067
0.269000	4.494869	0.000068
0.270000	4.494822	0.000069
0.271000	4.494774	0.000070
0.272000	4.494727	0.000071
0.273000	4.494678	0.000073
0.274000	4.494630	0.000074
0.275000	4.494581	0.000075
0.276000	4.494532	0.000076
0.277000	4.494482	0.000077
0.278000	4.494432	0.000078
0.279000	4.494382	0.000079
0.280000	4.494331	0.000080
0.281000	4.494280	0.000081
0.282000	4.494229	0.000083
0.283000	4.494177	0.000084
0.284000	4.494125	0.000085
0.285000	4.494073	0.000086
0.286000	4.494020	0.000087
0.287000	4.493966	0.000089
0.288000	4.493913	0.000090
0.289000	4.493859	0.000091
0.290000	4.493804	0.000093
0.291000	4.493749	0.000094
0.292000	4.493694	0.000095
0.293000	4.493638	0.000097
0.294000	4.493582	0.000098
0.295000	4.493526	0.000099
0.296000	4.493469	0.000101
0.297000	4.493412	0.000102
0.298000	4.493354	0.000104
0.299000	4.493296	0.000105
0.300000	4.493237	0.000107
0.301000	4.493178	0.000108
0.302000	4.493119	0.000110
0.303000	4.493059	0.000111
0.304000	4.492998	0.000113
0.305000	4.492937	0.000114
0.306000	4.492876	0.000116
0.307000	4.492814	0.000118
0.308000	4.492752	0.000119
0.309000	4.492690	0.000121
0.310000	4.492626	0.000123
0.311000	4.492563	0.000124
0.312000	4.492499	0.000126
0.313000	4.492434	0.000128
0.314000	4.492369	0.000130
0.315000	4.492304	0.000131
0.316000	4.492237	0.000133
0.317000	4.492171	0.000135
0.318000	4.492104	0.000137
0.319000	4.492036	0.000139
0.320000	4.491968	0.000141
0.321000	4.491899	0.000143
0.322000	4.491830	0.000145
0.323000	4.491761	0.000147
0.324000	4.491690	0.000149
0.325000	4.491620	0.000151
0.326000	4.491548	0.000153
0.327000	4.491476	0.000155
0.328000	4.491404	0.000157
0.329000	4.491331	0.000160
0.330000	4.491257	0.000162
0.331000	4.491183	0.000164
0.332000	4.491109	0.000166
0.333000	4.491033	0.000169
0.334000	4.490957	0.000171
0.335000	4.490881	0.000174
0.336000	4.490804	0.000176
0.337000	4.490726	0.000178
0.338000	4.490648	0.000181
0.339000	4.490569	0.000183
0.340000	4.490489	0.000186
0.341000	4.490409	0.000189
0.342000	4.490328	0.000191
0.343000	4.490246	0.000194
0.344000	4.490164	0.000197
0.345000	4.490081	0.000199
0.346000	4.489998	0.000202
0.347000	4.489914	0.000205
0.348000	4.489829	0.000208
0.349000	4.489743	0.000211
0.350000	4.489657	0.000214
0.351000	4.489570	0.000217
0.352000	4.489482	0.000220
0.353000	4.489394	0.000223
0.354000	4.489304	0.000226
0.355000	4.489215	0.000229
0.356000	4.489124	0.000232
0.357000	4.489033	0.000236
0.358000	4.488940	0.000239
0.359000	4.488847	0.000242
0.360000	4.488754	0.000246
0.361000	4.488659	0.000249
0.362000	4.488564	0.000253
0.363000	4.488468	0.000256
0.364000	4.488371	0.000260
0.365000	4.488273	0.000263
0.366000	4.488174	0.000267
0.367000	4.488075	0.000271
0.368000	4.487974	0.000275
0.369000	4.487873	0.000279
0.370000	4.487771	0.000283
0.371000	4.487668	0.000287
0.372000	4.487564	0.000291
0.373000	4.487460	0.000295
0.374000	4.487354	0.000299
0.375000	4.487247	0.000303
0.376000	4.487140	0.000308
0.377000	4.487031	0.000312
0.378000	4.486922	0.000316
0.379000	4.486811	0.000321
0.380000	4.486700	0.000326
0.381000	4.486587	0.000330
0.382000	4.486474	0.000335
0.383000	4.486360	0.000340
0.384000	4.486244	0.000345
0.385000	4.486127	0.000350
0.386000	4.486010	0.000355
0.387000	4.485891	0.000360
0.388000	4.485771	0.000365
0.389000	4.485650	0.000370
0.390000	4.485528	0.000376
0.391000	4.485405	0.000381
0.392000	4.485281	0.000387
0.393000	4.485156	0.000392
0.394000	4.485029	0.000398
0.395000	4.484901	0.000404
0.396000	4.484772	0.000410
0.397000	4.484642	0.000416
0.398000	4.484510	0.000422
0.399000	4.484378	0.000428
0.400000	4.484243	0.000434
0.401000	4.484108	0.000440
0.402000	4.483972	0.000447
0.403000	4.483834	0.000454
0.404000	4.483694	0.000460
0.405000	4.483554	0.000467
0.406000	4.483412	0.000474
0.407000	4.483268	0.000481
0.408000	4.483123	0.000488
0.409000	4.482977	0.000496
0.410000	4.482829	0.000503
0.411000	4.482680	0.000511
0.412000	4.482529	0.000518
0.413000	4.482377	0.000526
0.414000	4.482223	0.000534
0.415000	4.482068	0.000542
0.416000	4.481911	0.000550
0.417000	4.481752	0.000559
0.418000	4.481592	0.000567
0.419000	4.481430	0.000576
0.420000	4.481266	0.000585
0.421000	4.481101	0.000593
0.422000	4.480934	0.000603
0.423000	4.480765	0.000612
0.424000	4.480595	0.000621
0.425000	4.480422	0.000631
0.426000	4.480248	0.000641
0.427000	4.480072	0.000651
0.428000	4.479894	0.000661
0.429000	4.479714	0.000671
0.430000	4.479532	0.000682
0.431000	4.479348	0.000692
0.432000	4.479162	0.000703
0.433000	4.478974	0.000714
0.434000	4.478784	0.000726
0.435000	4.478592	0.000737
0.436000	4.478397	0.000749
0.437000	4.478201	0.000761
0.438000	4.478002	0.000773
0.439000	4.477801	0.000785
0.440000	4.477598	0.000798
0.441000	4.477392	0.000811
0.442000	4.477184	0.000824
0.443000	4.476974	0.000838
0.444000	4.476761	0.000851
0.445000	4.476545	0.000865
0.446000	4.476328	0.000879
0.447000	4.476107	0.000894
0.448000	4.475884	0.000909
0.449000	4.475658	0.000924
0.450000	4.475429	0.000939
0.451000	4.475198	0.000955
0.452000	4.474964	0.000971
0.453000	4.474727	0.000987
0.454000	4.474487	0.001003
0.455000	4.474244	0.001020
0.456000	4.473998	0.001038
0.457000	4.473749	0.001055
0.458000	4.473497	0.001074
0.459000	4.473242	0.001092
0.460000	4.472984	0.001111
0.461000	4.472722	0.001130
0.462000	4.472456	0.001150
0.463000	4.472188	0.001170
0.464000	4.471916	0.001190
0.465000	4.471640	0.001211
0.466000	4.471361	0.001232
0.467000	4.471078	0.001254
0.468000	4.470791	0.001276
0.469000	4.470500	0.001299
0.470000	4.470205	0.001323
0.471000	4.469907	0.001346
0.472000	4.469604	0.001371
0.473000	4.469297	0.001396
0.474000	4.468986	0.001421
0.475000	4.468671	0.001447
0.476000	4.468351	0.001474
0.477000	4.468026	0.001501
0.478000	4.467697	0.001529
0.479000	4.467363	0.001558
0.480000	4.467025	0.001587
0.481000	4.466681	0.001617
0.482000	4.466333	0.001647
0.483000	4.465979	0.001679
0.484000	4.465620	0.001711
0.485000	4.465256	0.001744
0.486000	4.464887	0.001777
0.487000	4.464511	0.001812
0.488000	4.464130	0.001847
0.489000	4.463744	0.001884
0.490000	4.463351	0.001921
0.491000	4.462952	0.001959
0.492000	4.462547	0.001998
0.493000	4.462135	0.002038
0.494000	4.461717	0.002079
0.495000	4.461292	0.002122
0.496000	4.460861	0.002165
0.497000	4.460422	0.002209
0.498000	4.459976	0.002255
0.499000	4.459523	0.002302
0.500000	4.459062	0.002350
0.501000	4.458593	0.002400
0.502000	4.458117	0.002450
0.503000	4.457632	0.002503
0.504000	4.457139	0.002556
0.505000	4.456638	0.002612
0.506000	4.456128	0.002668
0.507000	4.455608	0.002727
0.508000	4.455080	0.002787
0.509000	4.454542	0.002848
0.510000	4.453994	0.002912
0.511000	4.453437	0.002977
0.512000	4.452869	0.003045
0.513000	4.452290	0.003114
0.514000	4.451701	0.003186
0.515000	4.451100	0.003259
0.516000	4.450488	0.003335
0.517000	4.449865	0.003413
0.518000	4.449229	0.003494
0.519000	4.448581	0.003577
0.520000	4.447920	0.003663
0.521000	4.447245	0.003752
0.522000	4.446557	0.003844
0.523000	4.445856	0.003938
0.524000	4.445139	0.004036
0.525000	4.444408	0.004137
0.526000	4.443661	0.004241
0.527000	4.442899	0.004349
0.528000	4.442120	0.004461
0.529000	4.441325	0.004576
0.530000	4.440512	0.004695
0.531000	4.439681	0.004819
0.532000	4.438832	0.004947
0.533000	4.437963	0.005080
0.534000	4.437075	0.005218
0.535000	4.436166	0.005361
0.536000	4.435236	0.005509
0.537000	4.434284	0.005662
0.538000	4.433309	0.005822
0.539000	4.432311	0.005987
0.540000	4.431288	0.006160
0.541000	4.430240	0.006339
0.542000	4.429166	0.006525
0.543000	4.428065	0.006718
0.544000	4.426936	0.006920
0.545000	4.425778	0.007130
0.546000	4.424589	0.007348
0.547000	4.423368	0.007576
0.548000	4.422115	0.007814
0.549000	4.420827	0.008063
0.550000	4.419504	0.008322
0.551000	4.418144	0.008593
0.552000	4.416746	0.008876
0.553000	4.415307	0.009172
0.554000	4.413826	0.009482
0.555000	4.412302	0.009806
0.556000	4.410731	0.010147
0.557000	4.409114	0.010503
0.558000	4.407446	0.010878
0.559000	4.405726	0.011271
0.560000	4.403952	0.011684
0.561000	4.402120	0.012119
0.562000	4.400229	0.012576
0.563000	4.398274	0.013058
0.564000	4.396254	0.013566
0.565000	4.394165	0.014103
0.566000	4.392002	0.014669
0.567000	4.389763	0.015267
0.568000	4.387444	0.015901
0.569000	4.385040	0.016572
0.570000	4.382546	0.017283
0.571000	4.379957	0.018038
0.572000	4.377269	0.018840
0.573000	4.374476	0.019694
0.574000	4.371571	0.020602
0.575000	4.368548	0.021572
0.576000	4.365400	0.022606
0.577000	4.362120	0.023712
0.578000	4.358698	0.024896
0.579000	4.355127	0.026166
0.580000	4.351396	0.027529
0.581000	4.347496	0.028995
0.582000	4.343415	0.030574
0.583000	4.339141	0.032277
0.584000	4.334660	0.034118
0.585000	4.329960	0.036112
0.586000	4.325023	0.038276
0.587000	4.319834	0.040627
0.588000	4.314374	0.043190
0.589000	4.308623	0.045987
0.590000	4.302561	0.049049
0.591000	4.296163	0.052409
0.592000	4.289406	0.056104
0.593000	4.282261	0.060180
0.594000	4.274701	0.064688
0.595000	4.266694	0.069689
0.596000	4.258209	0.075255
0.597000	4.249210	0.081468
0.598000	4.239666	0.088429
0.599000	4.229540	0.096255
0.600000	4.218801	0.105086
0.601000	4.207422	0.115090
0.602000	4.195382	0.126468
0.603000	4.182676	0.139462
0.604000	4.169321	0.154361
0.605000	4.155366	0.171515
0.606000	4.140915	0.191341
0.607000	4.126150	0.214337
0.608000	4.111367	0.241090
0.609000	4.097036	0.272277
0.610000	4.083866	0.308652
0.611000	4.072909	0.351005
0.612000	4.065676	0.400070
0.613000	4.064256	0.456345
0.614000	4.071407	0.519797
0.615000	4.090502	0.589412
0.616000	4.125211	0.662655
0.617000	4.178749	0.734987
0.618000	4.252665	0.799810
0.619000	4.345458	0.849270
0.620000	4.451735	0.876080
0.621000	4.562722	0.875856
0.622000	4.668354	0.848790
0.623000	4.760067	0.799592
0.624000	4.832815	0.735705
0.625000	4.885457	0.664916
0.626000	4.919779	0.593590
0.627000	4.939060	0.525986
0.628000	4.946898	0.464411
0.629000	4.946530	0.409741
0.630000	4.940568	0.361958
0.631000	4.930983	0.320569
0.632000	4.919199	0.284873
0.633000	4.906211	0.254129
0.634000	4.892696	0.227627
0.635000	4.879106	0.204733
0.636000	4.865733	0.184896
0.637000	4.852759	0.167646
0.638000	4.840292	0.152589
0.639000	4.828390	0.139393
0.640000	4.817075	0.127781
0.641000	4.806350	0.117523
0.642000	4.796202	0.108425
0.643000	4.786610	0.100326
0.644000	4.777548	0.093089
0.645000	4.768989	0.086601
0.646000	4.760901	0.080764
0.647000	4.753257	0.075496
0.648000	4.746027	0.070727
0.649000	4.739184	0.066398
0.650000	4.732702	0.062456
0.651000	4.726558	0.058857
0.652000	4.720728	0.055564
0.653000	4.715192	0.052543
0.654000	4.709929	0.049766
0.655000	4.704922	0.047206
0.656000	4.700154	0.044843
0.657000	4.695610	0.042656
0.658000	4.691275	0.040629
0.659000	4.687136	0.038746
0.660000	4.683180	0.036994
0.661000	4.679397	0.035362
0.662000	4.675776	0.033838
0.663000	4.672307	0.032414
0.664000	4.668981	0.031080
0.665000	4.665790	0.029830
0.666000	4.662726	0.028657
0.667000	4.659782	0.027553
0.668000	4.656952	0.026515
0.669000	4.654229	0.025536
0.670000	4.651607	0.024613
0.671000	4.649081	0.023741
0.672000	4.646646	0.022916
0.673000	4.644297	0.022136
0.674000	4.642030	0.021396
0.675000	4.639841	0.020695
0.676000	4.637726	0.020029
0.677000	4.635681	0.019396
0.678000	4.633703	0.018794
0.679000	4.631789	0.018222
0.680000	4.629936	0.017676
0.681000	4.628141	0.017156
0.682000	4.626401	0.016660
0.683000	4.624715	0.016186
0.684000	4.623078	0.015733
0.685000	4.621491	0.015300
0.686000	4.619949	0.014886
0.687000	4.618452	0.014489
0.688000	4.616998	0.014109
0.689000	4.615584	0.013744
0.690000	4.614209	0.013395
0.691000	4.612872	0.013059
0.692000	4.611571	0.012737
0.693000	4.610304	0.012427
0.694000	4.609071	0.012129
0.695000	4.607870	0.011843
0.696000	4.606699	0.011567
0.697000	4.605558	0.011302
0.698000	4.604446	0.011046
0.699000	4.603361	0.010799
0.700000	4.602303	0.010561
0.701000	4.601270	0.010332
0.702000	4.600262	0.010110
0.703000	4.599277	0.009896
0.704000	4.598316	0.009690
0.705000	4.597377	0.009490
0.706000	4.596459	0.009297
0.707000	4.595562	0.009110
0.708000	4.594685	0.008929
0.709000	4.593827	0.008754
0.710000	4.592988	0.008584
0.711000	4.592167	0.008420
0.712000	4.591364	0.008261
0.713000	4.590578	0.008107
0.714000	4.589808	0.007957
0.715000	4.589055	0.007812
0.716000	4.588316	0.007671
0.717000	4.587593	0.007534
0.718000	4.586885	0.007402
0.719000	4.586190	0.007273
0.720000	4.585509	0.007147
0.721000	4.584842	0.007025
0.722000	4.584188	0.006907
0.723000	4.583546	0.006792
0.724000	4.582916	0.006680
0.725000	4.582298	0.006571
0.726000	4.581692	0.006465
0.727000	4.581097	0.006361
0.728000	4.580513	0.006261
0.729000	4.579940	0.006163
0.730000	4.579377	0.006067
0.731000	4.578824	0.005974
0.732000	4.578281	0.005884
0.733000	4.577747	0.005795
0.734000	4.577223	0.005709
0.735000	4.576707	0.005625
0.736000	4.576201	0.005543
0.737000	4.575703	0.005463
0.738000	4.575214	0.005385
0.739000	4.574732	0.005308
0.740000	4.574259	0.005234
0.741000	4.573794	0.005161
0.742000	4.573336	0.005090
0.743000	4.572886	0.005021
0.744000	4.572442	0.004953
0.745000	4.572006	0.004886
0.746000	4.571577	0.004821
0.747000	4.571155	0.004758
0.748000	4.570739	0.004696
0.749000	4.570329	0.004635
0.750000	4.569926	0.004576
0.751000	4.569529	0.004518
0.752000	4.569138	0.004461
0.753000	4.568753	0.004405
0.754000	4.568374	0.004351
0.755000	4.568000	0.004297
0.756000	4.567632	0.004245
0.757000	4.567269	0.004194
0.758000	4.566912	0.004144
0.759000	4.566559	0.004095
0.760000	4.566212	0.004046
0.761000	4.565869	0.003999
0.762000	4.565532	0.003953
0.763000	4.565199	0.003908
0.764000	4.564870	0.003863
0.765000	4.564547	0.003819
0.766000	4.564227	0.003777
0.767000	4.563913	0.003735
0.768000	4.563602	0.003694
0.769000	4.563295	0.003653
0.770000	4.562993	0.003613
0.771000	4.562695	0.003575
0.772000	4.562400	0.003536
0.773000	4.562110	0.003499
0.774000	4.561823	0.003462
0.775000	4.561540	0.003426
0.776000	4.561261	0.003390
0.777000	4.560985	0.003355
0.778000	4.560712	0.003321
0.779000	4.560444	0.003287
0.780000	4.560178	0.003254
0.781000	4.559916	0.003222
0.782000	4.559657	0.003190
0.783000	4.559401	0.003158
0.784000	4.559149	0.003127
0.785000	4.558899	0.003097
0.786000	4.558653	0.003067
0.787000	4.558409	0.003038
0.788000	4.558169	0.003009
0.789000	4.557931	0.002981
0.790000	4.557696	0.002953
0.791000	4.557464	0.002925
0.792000	4.557235	0.002898
0.793000	4.557008	0.002871
0.794000	4.556784	0.002845
0.795000	4.556562	0.002819
0.796000	4.556343	0.002794
0.797000	4.556127	0.002769
0.798000	4.555913	0.002744
0.799000	4.555701	0.002720
0.800000	4.555492	0.002696
0.801000	4.555285	0.002673
0.802000	4.555080	0.002650
0.803000	4.554878	0.002627
0.804000	4.554678	0.002605
0.805000	4.554480	0.002583
0.806000	4.554284	0.002561
0.807000	4.554091	0.002539
0.808000	4.553899	0.002518
0.809000	4.553709	0.002497
0.810000	4.553522	0.002477
0.811000	4.553336	0.002457
0.812000	4.553153	0.002437
0.813000	4.552971	0.002417
0.814000	4.552791	0.002398
0.815000	4.552613	0.002379
0.816000	4.552437	0.002360
0.817000	4.552263	0.002341
0.818000	4.552091	0.002323
0.819000	4.551920	0.002305
0.820000	4.551751	0.002287
0.821000	4.551584	0.002269
0.822000	4.551418	0.002252
0.823000	4.551254	0.002235
0.824000	4.551092	0.002218
0.825000	4.550931	0.002201
0.826000	4.550772	0.002185
0.827000	4.550615	0.002169
0.828000	4.550458	0.002153
0.829000	4.550304	0.002137
0.830000	4.550151	0.002122
0.831000	4.549999	0.002106
0.832000	4.549849	0.002091
0.833000	4.549701	0.002076
0.834000	4.549553	0.002061
0.835000	4.549408	0.002047
0.836000	4.549263	0.002032
0.837000	4.549120	0.002018
0.838000	4.548978	0.002004
0.839000	4.548838	0.001990
0.840000	4.548698	0.001976
0.841000	4.548561	0.001963
0.842000	4.548424	0.001949
0.843000	4.548289	0.001936
0.844000	4.548154	0.001923
0.845000	4.548021	0.001910
0.846000	4.547890	0.001898
0.847000	4.547759	0.001885
0.848000	4.547630	0.001872
0.849000	4.547501	0.001860
0.850000	4.547374	0.001848
0.851000	4.547248	0.001836
0.852000	4.547123	0.001824
0.853000	4.547000	0.001812
0.854000	4.546877	0.001801
0.855000	4.546755	0.001789
0.856000	4.546635	0.001778
0.857000	4.546515	0.001767
0.858000	4.546396	0.001756
0.859000	4.546279	0.001745
0.860000	4.546162	0.001734
0.861000	4.546047	0.001723
0.862000	4.545932	0.001713
0.863000	4.545819	0.001702
0.864000	4.545706	0.001692
0.865000	4.545594	0.001682
0.866000	4.545483	0.001672
0.867000	4.545374	0.001662
0.868000	4.545265	0.001652
0.869000	4.545157	0.001642
0.870000	4.545049	0.001632
0.871000	4.544943	0.001623
0.872000	4.544838	0.001613
0.873000	4.544733	0.001604
0.874000	4.544629	0.001595
0.875000	4.544526	0.001585
0.876000	4.544424	0.001576
0.877000	4.544323	0.001567
0.878000	4.544222	0.001559
0.879000	4.544123	0.001550
0.880000	4.544024	0.001541
0.881000	4.543926	0.001532
0.882000	4.543828	0.001524
0.883000	4.543732	0.001515
0.884000	4.543636	0.001507
0.885000	4.543541	0.001499
0.886000	4.543446	0.001491
0.887000	4.543353	0.001483
0.888000	4.543260	0.001475
0.889000	4.543167	0.001467
0.890000	4.543076	0.001459
0.891000	4.542985	0.001451
0.892000	4.542895	0.001443
0.893000	4.542805	0.001436
0.894000	4.542716	0.001428
0.895000	4.542628	0.001421
0.896000	4.542541	0.001413
0.897000	4.542454	0.001406
0.898000	4.542368	0.001398
0.899000	4.542282	0.001391
0.900000	4.542197	0.001384
0.901000	4.542113	0.001377
0.902000	4.542029	0.001370
0.903000	4.541946	0.001363
0.904000	4.541864	0.001356
0.905000	4.541782	0.001349
0.906000	4.541700	0.001343
0.907000	4.541620	0.001336
0.908000	4.541539	0.001329
0.909000	4.541460	0.001323
0.910000	4.541381	0.001316
0.911000	4.541302	0.001310
0.912000	4.541224	0.001304
0.913000	4.541147	0.001297
0.914000	4.541070	0.001291
0.915000	4.540994	0.001285
0.916000	4.540918	0.001279
0.917000	4.540843	0.001273
0.918000	4.540768	0.001267
0.919000	4.540694	0.001261
0.920000	4.540620	0.001255
0.921000	4.540547	0.001249
0.922000	4.540474	0.001243
0.923000	4.540402	0.001237
0.924000	4.540331	0.001231
0.925000	4.540259	0.001226
0.926000	4.540189	0.001220
0.927000	4.540118	0.001214
0.928000	4.540049	0.001209
0.929000	4.539979	0.001203
0.930000	4.539910	0.001198
0.931000	4.539842	0.001193
0.932000	4.539774	0.001187
0.933000	4.539707	0.001182
0.934000	4.539639	0.001177
0.935000	4.539573	0.001172
0.936000	4.539507	0.001166
0.937000	4.539441	0.001161
0.938000	4.539376	0.001156
0.939000	4.539311	0.001151
0.940000	4.539246	0.001146
0.941000	4.539182	0.001141
0.942000	4.539118	0.001136
0.943000	4.539055	0.001131
0.944000	4.538992	0.001127
0.945000	4.538930	0.001122
0.946000	4.538868	0.001117
0.947000	4.538806	0.001112
0.948000	4.538745	0.001108
0.949000	4.538684	0.001103
0.950000	4.538624	0.001098
0.951000	4.538563	0.001094
0.952000	4.538504	0.001089
0.953000	4.538444	0.001085
0.954000	4.538385	0.001080
0.955000	4.538327	0.001076
0.956000	4.538268	0.001071
0.957000	4.538210	0.001067
0.958000	4.538153	0.001063
0.959000	4.538096	0.001058
0.960000	4.538039	0.001054
0.961000	4.537982	0.001050
0.962000	4.537926	0.001046
0.963000	4.537870	0.001042
0.964000	4.537815	0.001037
0.965000	4.537760	0.001033
0.966000	4.537705	0.001029
0.967000	4.537650	0.001025
0.968000	4.537596	0.001021
0.969000	4.537542	0.001017
0.970000	4.537489	0.001013
0.971000	4.537435	0.001009
0.972000	4.537382	0.001005
0.973000	4.537330	0.001002
0.974000	4.537278	0.000998
0.975000	4.537226	0.000994
0.976000	4.537174	0.000990
0.977000	4.537123	0.000986
0.978000	4.537071	0.000983
0.979000	4.537021	0.000979
0.980000	4.536970	0.000975
0.981000	4.536920	0.000972
0.982000	4.536870	0.000968
0.983000	4.536820	0.000965
0.984000	4.536771	0.000961
0.985000	4.536722	0.000957
0.986000	4.536673	0.000954
0.987000	4.536625	0.000950
0.988000	4.536576	0.000947
0.989000	4.536529	0.000944
0.990000	4.536481	0.000940
0.991000	4.536433	0.000937
0.992000	4.536386	0.000933
0.993000	4.536339	0.000930
0.994000	4.536293	0.000927
0.995000	4.536246	0.000923
0.996000	4.536200	0.000920
0.997000	4.536154	0.000917
0.998000	4.536109	0.000914
0.999000	4.536063	0.000910
1.000000	4.536018	0.000907
1.001000	4.535973	0.000904
1.002000	4.535929	0.000901
1.003000	4.535884	0.000898
1.004000	4.535840	0.000895
1.005000	4.535796	0.000892
1.006000	4.535753	0.000889
1.007000	4.535709	0.000886
1.008000	4.535666	0.000882
1.009000	4.535623	0.000879
1.010000	4.535581	0.000877
1.011000	4.535538	0.000874
1.012000	4.535496	0.000871
1.013000	4.535454	0.000868
1.014000	4.535412	0.000865
1.015000	4.535370	0.000862
1.016000	4.535329	0.000859
1.017000	4.535288	0.000856
1.018000	4.535247	0.000853
1.019000	4.535206	0.000851
1.020000	4.535166	0.000848
1.021000	4.535125	0.000845
1.022000	4.535085	0.000842
1.023000	4.535045	0.000839
1.024000	4.535006	0.000837
1.025000	4.534966	0.000834
1.026000	4.534927	0.000831
1.027000	4.534888	0.000829
1.028000	4.534849	0.000826
1.029000	4.534810	0.000823
1.030000	4.534772	0.000821
1.031000	4.534734	0.000818
1.032000	4.534696	0.000816
1.033000	4.534658	0.000813
1.034000	4.534620	0.000811
1.035000	4.534582	0.000808
1.036000	4.534545	0.000805
1.037000	4.534508	0.000803
1.038000	4.534471	0.000800
1.039000	4.534434	0.000798
1.040000	4.534398	0.000796
1.041000	4.534361	0.000793
1.042000	4.534325	0.000791
1.043000	4.534289	0.000788
1.044000	4.534253	0.000786
1.045000	4.534218	0.000783
1.046000	4.534182	0.000781
1.047000	4.534147	0.000779
1.048000	4.534112	0.000776
1.049000	4.534077	0.000774
1.050000	4.534042	0.000772
1.051000	4.534007	0.000769
1.052000	4.533973	0.000767
1.053000	4.533939	0.000765
1.054000	4.533904	0.000763
1.055000	4.533870	0.000760
1.056000	4.533837	0.000758
1.057000	4.533803	0.000756
1.058000	4.533770	0.000754
1.059000	4.533736	0.000751
1.060000	4.533703	0.000749
1.061000	4.533670	0.000747
1.062000	4.533637	0.000745
1.063000	4.533605	0.000743
1.064000	4.533572	0.000741
1.065000	4.533540	0.000739
1.066000	4.533507	0.000736
1.067000	4.533475	0.000734
1.068000	4.533443	0.000732
1.069000	4.533412	0.000730
1.070000	4.533380	0.000728
1.071000	4.533349	0.000726
1.072000	4.533317	0.000724
1.073000	4.533286	0.000722
1.074000	4.533255	0.000720
1.075000	4.533224	0.000718
1.076000	4.533193	0.000716
1.077000	4.533163	0.000714
1.078000	4.533132	0.000712
1.079000	4.533102	0.000710
1.080000	4.533072	0.000708
1.081000	4.533042	0.000706
1.082000	4.533012	0.000704
1.083000	4.532982	0.000702
1.084000	4.532953	0.000700
1.085000	4.532923	0.000698
1.086000	4.532894	0.000697
1.087000	4.532864	0.000695
1.088000	4.532835	0.000693
1.089000	4.532806	0.000691
1.090000	4.532778	0.000689
1.091000	4.532749	0.000687
1.092000	4.532720	0.000685
1.093000	4.532692	0.000684
1.094000	4.532663	0.000682
1.095000	4.532635	0.000680
1.096000	4.532607	0.000678
1.097000	4.532579	0.000676
1.098000	4.532551	0.000675
1.099000	4.532524	0.000673
1.100000	4.532496	0.000671
1.101000	4.532469	0.000669
1.102000	4.532441	0.000668
1.103000	4.532414	0.000666
1.104000	4.532387	0.000664
1.105000	4.532360	0.000663
1.106000	4.532333	0.000661
1.107000	4.532306	0.000659
1.108000	4.532280	0.000657
1.109000	4.532253	0.000656
1.110000	4.532227	0.000654
1.111000	4.532201	0.000652
1.112000	4.532174	0.000651
1.113000	4.532148	0.000649
1.114000	4.532122	0.000648
1.115000	4.532097	0.000646
1.116000	4.532071	0.000644
1.117000	4.532045	0.000643
1.118000	4.532020	0.000641
1.119000	4.531994	0.000640
1.120000	4.531969	0.000638
1.121000	4.531944	0.000636
1.122000	4.531919	0.000635
1.123000	4.531894	0.000633
1.124000	4.531869	0.000632
1.125000	4.531844	0.000630
1.126000	4.531820	0.000629
1.127000	4.531795	0.000627
1.128000	4.531771	0.000626
1.129000	4.531746	0.000624
1.130000	4.531722	0.000623
1.131000	4.531698	0.000621
1.132000	4.531674	0.000620
1.133000	4.531650	0.000618
1.134000	4.531626	0.000617
1.135000	4.531602	0.000615
1.136000	4.531579	0.000614
1.137000	4.531555	0.000612
1.138000	4.531532	0.000611
1.139000	4.531508	0.000609
1.140000	4.531485	0.000608
1.141000	4.531462	0.000607
1.142000	4.531439	0.000605
1.143000	4.531416	0.000604
1.144000	4.531393	0.000602
1.145000	4.531370	0.000601
1.146000	4.531348	0.000599
1.147000	4.531325	0.000598
1.148000	4.531302	0.000597
1.149000	4.531280	0.000595
1.150000	4.531258	0.000594
1.151000	4.531235	0.000593
1.152000	4.531213	0.000591
1.153000	4.531191	0.000590
1.154000	4.531169	0.000589
1.155000	4.531147	0.000587
1.156000	4.531126	0.000586
1.157000	4.531104	0.000585
1.158000	4.531082	0.000583
1.159000	4.531061	0.000582
1.160000	4.531039	0.000581
1.161000	4.531018	0.000579
1.162000	4.530997	0.000578
1.163000	4.530975	0.000577
1.164000	4.530954	0.000575
1.165000	4.530933	0.000574
1.166000	4.530912	0.000573
1.167000	4.530891	0.000572
1.168000	4.530871	0.000570
1.169000	4.530850	0.000569
1.170000	4.530829	0.000568
1.171000	4.530809	0.000567
1.172000	4.530788	0.000565
1.173000	4.530768	0.000564
1.174000	4.530748	0.000563
1.175000	4.530727	0.000562
1.176000	4.530707	0.000561
1.177000	4.530687	0.000559
1.178000	4.530667	0.000558
1.179000	4.530647	0.000557
1.180000	4.530627	0.000556
1.181000	4.530608	0.000555
1.182000	4.530588	0.000553
1.183000	4.530568	0.000552
1.184000	4.530549	0.000551
1.185000	4.530529	0.000550
1.186000	4.530510	0.000549
1.187000	4.530491	0.000548
1.188000	4.530471	0.000546
1.189000	4.530452	0.000545
1.190000	4.530433	0.000544
1.191000	4.530414	0.000543
1.192000	4.530395	0.000542
1.193000	4.530376	0.000541
1.194000	4.530357	0.000540
1.195000	4.530339	0.000538
1.196000	4.530320	0.000537
1.197000	4.530301	0.000536
1.198000	4.530283	0.000535
1.199000	4.530264	0.000534
1.200000	4.530246	0.000533
1.201000	4.530228	0.000532
1.202000	4.530209	0.000531
1.203000	4.530191	0.000530
1.204000	4.530173	0.000529
1.205000	4.530155	0.000528
1.206000	4.530137	0.000526
1.207000	4.530119	0.000525
1.208000	4.530101	0.000524
1.209000	4.530083	0.000523
1.210000	4.530066	0.000522
1.211000	4.530048	0.000521
1.212000	4.530030	0.000520
1.213000	4.530013	0.000519
1.214000	4.529995	0.000518
1.215000	4.529978	0.000517
1.216000	4.529961	0.000516
1.217000	4.529943	0.000515
1.218000	4.529926	0.000514
1.219000	4.529909	0.000513
1.220000	4.529892	0.000512
1.221000	4.529875	0.000511
1.222000	4.529858	0.000510
1.223000	4.529841	0.000509
1.224000	4.529824	0.000508
1.225000	4.529807	0.000507
1.226000	4.529791	0.000506
1.227000	4.529774	0.000505
1.228000	4.529757	0.000504
1.229000	4.529741	0.000503
1.230000	4.529724	0.000502
1.231000	4.529708	0.000501
1.232000	4.529691	0.000500
1.233000	4.529675	0.000499
1.234000	4.529659	0.000498
1.235000	4.529643	0.000497
1.236000	4.529626	0.000496
1.237000	4.529610	0.000495
1.238000	4.529594	0.000495
1.239000	4.529578	0.000494
1.240000	4.529562	0.000493
1.241000	4.529546	0.000492
1.242000	4.529531	0.000491
1.243000	4.529515	0.000490
1.244000	4.529499	0.000489
1.245000	4.529484	0.000488
1.246000	4.529468	0.000487
1.247000	4.529452	0.000486
1.248000	4.529437	0.000485
1.249000	4.529421	0.000484
1.250000	4.529406	0.000484
1.251000	4.529391	0.000483
1.252000	4.529375	0.000482
1.253000	4.529360	0.000481
1.254000	4.529345	0.000480
1.255000	4.529330	0.000479
1.256000	4.529315	0.000478
1.257000	4.529300	0.000477
1.258000	4.529285	0.000477
1.259000	4.529270	0.000476
1.260000	4.529255	0.000475
1.261000	4.529240	0.000474
1.262000	4.529226	0.000473
1.263000	4.529211	0.000472
1.264000	4.529196	0.000471
1.265000	4.529181	0.000471
1.266000	4.529167	0.000470
1.267000	4.529152	0.000469
1.268000	4.529138	0.000468
1.269000	4.529124	0.000467
1.270000	4.529109	0.000466
1.271000	4.529095	0.000466
1.272000	4.529081	0.000465
1.273000	4.529066	0.000464
1.274000	4.529052	0.000463
1.275000	4.529038	0.000462
1.276000	4.529024	0.000461
1.277000	4.529010	0.000461
1.278000	4.528996	0.000460
1.279000	4.528982	0.000459
1.280000	4.528968	0.000458
1.281000	4.528954	0.000457
1.282000	4.528940	0.000457
1.283000	4.528927	0.000456
1.284000	4.528913	0.000455
1.285000	4.528899	0.000454
1.286000	4.528886	0.000454
1.287000	4.528872	0.000453
1.288000	4.528858	0.000452
1.289000	4.528845	0.000451
1.290000	4.528831	0.000450
1.291000	4.528818	0.000450
1.292000	4.528805	0.000449
1.293000	4.528791	0.000448
1.294000	4.528778	0.000447
1.295000	4.528765	0.000447
1.296000	4.528752	0.000446
1.297000	4.528738	0.000445
1.298000	4.528725	0.000444
1.299000	4.528712	0.000444
1.300000	4.528699	0.000443
1.301000	4.528686	0.000442
1.302000	4.528673	0.000441
1.303000	4.528660	0.000441
1.304000	4.528648	0.000440
1.305000	4.528635	0.000439
1.306000	4.528622	0.000438
1.307000	4.528609	0.000438
1.308000	4.528597	0.000437
1.309000	4.528584	0.000436
1.310000	4.528571	0.000436
1.311000	4.528559	0.000435
1.312000	4.528546	0.000434
1.313000	4.528534	0.000433
1.314000	4.528521	0.000433
1.315000	4.528509	0.000432
1.316000	4.528496	0.000431
1.317000	4.528484	0.000431
1.318000	4.528472	0.000430
1.319000	4.528459	0.000429
1.320000	4.528447	0.000429
1.321000	4.528435	0.000428
1.322000	4.528423	0.000427
1.323000	4.528411	0.000426
1.324000	4.528399	0.000426
1.325000	4.528387	0.000425
1.326000	4.528375	0.000424
1.327000	4.528363	0.000424
1.328000	4.528351	0.000423
1.329000	4.528339	0.000422
1.330000	4.528327	0.000422
1.331000	4.528315	0.000421
1.332000	4.528303	0.000420
1.333000	4.528292	0.000420
1.334000	4.528280	0.000419
1.335000	4.528268	0.000418
1.336000	4.528257	0.000418
1.337000	4.528245	0.000417
1.338000	4.528234	0.000416
1.339000	4.528222	0.000416
1.340000	4.528211	0.000415
1.341000	4.528199	0.000414
1.342000	4.528188	0.000414
1.343000	4.528176	0.000413
1.344000	4.528165	0.000413
1.345000	4.528154	0.000412
1.346000	4.528142	0.000411
1.347000	4.528131	0.000411
1.348000	4.528120	0.000410
1.349000	4.528109	0.000409
1.350000	4.528097	0.000409
1.351000	4.528086	0.000408
1.352000	4.528075	0.000408
1.353000	4.528064	0.000407
1.354000	4.528053	0.000406
1.355000	4.528042	0.000406
1.356000	4.528031	0.000405
1.357000	4.528020	0.000404
1.358000	4.528009	0.000404
1.359000	4.527999	0.000403
1.360000	4.527988	0.000403
1.361000	4.527977	0.000402
1.362000	4.527966	0.000401
1.363000	4.527956	0.000401
1.364000	4.527945	0.000400
1.365000	4.527934	0.000400
1.366000	4.527924	0.000399
1.367000	4.527913	0.000398
1.368000	4.527902	0.000398
1.369000	4.527892	0.000397
1.370000	4.527881	0.000397
1.371000	4.527871	0.000396
1.372000	4.527860	0.000395
1.373000	4.527850	0.000395
1.374000	4.527840	0.000394
1.375000	4.527829	0.000394
1.376000	4.527819	0.000393
1.377000	4.527809	0.000393
1.378000	4.527798	0.000392
1.379000	4.527788	0.000391
1.380000	4.527778	0.000391
1.381000	4.527768	0.000390
1.382000	4.527758	0.000390
1.383000	4.527748	0.000389
1.384000	4.527737	0.000389
1.385000	4.527727	0.000388
1.386000	4.527717	0.000387
1.387000	4.527707	0.000387
1.388000	4.527697	0.000386
1.389000	4.527687	0.000386
1.390000	4.527678	0.000385
1.391000	4.527668	0.000385
1.392000	4.527658	0.000384
1.393000	4.527648	0.000384
1.394000	4.527638	0.000383
1.395000	4.527628	0.000382
1.396000	4.527619	0.000382
1.397000	4.527609	0.000381
1.398000	4.527599	0.000381
1.399000	4.527590	0.000380
1.400000	4.527580	0.000380
1.401000	4.527570	0.000379
1.402000	4.527561	0.000379
1.403000	4.527551	0.000378
1.404000	4.527542	0.000378
1.405000	4.527532	0.000377
1.406000	4.527523	0.000377
1.407000	4.527513	0.000376
1.408000	4.527504	0.000376
1.409000	4.527495	0.000375
1.410000	4.527485	0.000374
1.411000	4.527476	0.000374
1.412000	4.527467	0.000373
1.413000	4.527457	0.000373
1.414000	4.527448	0.000372
1.415000	4.527439	0.000372
1.416000	4.527430	0.000371
1.417000	4.527420	0.000371
1.418000	4.527411	0.000370
1.419000	4.527402	0.000370
1.420000	4.527393	0.000369
1.421000	4.527384	0.000369
1.422000	4.527375	0.000368
1.423000	4.527366	0.000368
1.424000	4.527357	0.000367
1.425000	4.527348	0.000367
1.426000	4.527339	0.000366
1.427000	4.527330	0.000366
1.428000	4.527321	0.000365
1.429000	4.527312	0.000365
1.430000	4.527303	0.000364
1.431000	4.527294	0.000364
1.432000	4.527286	0.000363
1.433000	4.527277	0.000363
1.434000	4.527268	0.000362
1.435000	4.527259	0.000362
1.436000	4.527251	0.000361
1.437000	4.527242	0.000361
1.438000	4.527233	0.000360
1.439000	4.527225	0.000360
1.440000	4.527216	0.000360
1.441000	4.527207	0.000359
1.442000	4.527199	0.000359
1.443000	4.527190	0.000358
1.444000	4.527182	0.000358
1.445000	4.527173	0.000357
1.446000	4.527165	0.000357
1.447000	4.527156	0.000356
1.448000	4.527148	0.000356
1.449000	4.527140	0.000355
1.450000	4.527131	0.000355
1.451000	4.527123	0.000354
1.452000	4.527114	0.000354
1.453000	4.527106	0.000353
1.454000	4.527098	0.000353
1.455000	4.527090	0.000353
1.456000	4.527081	0.000352
1.457000	4.527073	0.000352
1.458000	4.527065	0.000351
1.459000	4.527057	0.000351
1.460000	4.527048	0.000350
1.461000	4.527040	0.000350
1.462000	4.527032	0.000349
1.463000	4.527024	0.000349
1.464000	4.527016	0.000348
1.465000	4.527008	0.000348
1.466000	4.527000	0.000348
1.467000	4.526992	0.000347
1.468000	4.526984	0.000347
1.469000	4.526976	0.000346
1.470000	4.526968	0.000346
1.471000	4.526960	0.000345
1.472000	4.526952	0.000345
1.473000	4.526944	0.000344
1.474000	4.526936	0.000344
1.475000	4.526928	0.000344
1.476000	4.526921	0.000343
1.477000	4.526913	0.000343
1.478000	4.526905	0.000342
1.479000	4.526897	0.000342
1.480000	4.526890	0.000341
1.481000	4.526882	0.000341
1.482000	4.526874	0.000341
1.483000	4.526866	0.000340
1.484000	4.526859	0.000340
1.485000	4.526851	0.000339
1.486000	4.526843	0.000339
1.487000	4.526836	0.000339
1.488000	4.526828	0.000338
1.489000	4.526821	0.000338
1.490000	4.526813	0.000337
1.491000	4.526806	0.000337
1.492000	4.526798	0.000336
1.493000	4.526791	0.000336
1.494000	4.526783	0.000336
1.495000	4.526776	0.000335
1.496000	4.526768	0.000335
1.497000	4.526761	0.000334
1.498000	4.526753	0.000334
1.499000	4.526746	0.000334
1.500000	4.526739	0.000333
1.501000	4.526731	0.000333
1.502000	4.526724	0.000332
1.503000	4.526717	0.000332
1.504000	4.526709	0.000332
1.505000	4.526702	0.000331
1.506000	4.526695	0.000331
1.507000	4.526688	0.000330
1.508000	4.526680	0.000330
1.509000	4.526673	0.000330
1.510000	4.526666	0.000329
1.511000	4.526659	0.000329
1.512000	4.526652	0.000328
1.513000	4.526645	0.000328
1.514000	4.526638	0.000328
1.515000	4.526631	0.000327
1.516000	4.526623	0.000327
1.517000	4.526616	0.000326
1.518000	4.526609	0.000326
1.519000	4.526602	0.000326
1.520000	4.526595	0.000325
1.521000	4.526588	0.000325
1.522000	4.526581	0.000324
1.523000	4.526574	0.000324
1.524000	4.526568	0.000324
1.525000	4.526561	0.000323
1.526000	4.526554	0.000323
1.527000	4.526547	0.000323
1.528000	4.526540	0.000322
1.529000	4.526533	0.000322
1.530000	4.526526	0.000321
1.531000	4.526520	0.000321
1.532000	4.526513	0.000321
1.533000	4.526506	0.000320
1.534000	4.526499	0.000320
1.535000	4.526492	0.000320
1.536000	4.526486	0.000319
1.537000	4.526479	0.000319
1.538000	4.526472	0.000318
1.539000	4.526466	0.000318
1.540000	4.526459	0.000318
1.541000	4.526452	0.000317
1.542000	4.526446	0.000317
1.543000	4.526439	0.000317
1.544000	4.526433	0.000316
1.545000	4.526426	0.000316
1.546000	4.526419	0.000316
1.547000	4.526413	0.000315
1.548000	4.526406	0.000315
1.549000	4.526400	0.000314
1.550000	4.526393	0.000314
1.551000	4.526387	0.000314
1.552000	4.526380	0.000313
1.553000	4.526374	0.000313
1.554000	4.526367	0.000313
1.555000	4.526361	0.000312
1.556000	4.526355	0.000312
1.557000	4.526348	0.000312
1.558000	4.526342	0.000311
1.559000	4.526336	0.000311
1.560000	4.526329	0.000311
1.561000	4.526323	0.000310
1.562000	4.526317	0.000310
1.563000	4.526310	0.000310
1.564000	4.526304	0.000309
1.565000	4.526298	0.000309
1.566000	4.526291	0.000309
1.567000	4.526285	0.000308
1.568000	4.526279	0.000308
1.569000	4.526273	0.000307
1.570000	4.526267	0.000307
1.571000	4.526260	0.000307
1.572000	4.526254	0.000306
1.573000	4.526248	0.000306
1.574000	4.526242	0.000306
1.575000	4.526236	0.000305
1.576000	4.526230	0.000305
1.577000	4.526224	0.000305
1.578000	4.526218	0.000304
1.579000	4.526211	0.000304
1.580000	4.526205	0.000304
1.581000	4.526199	0.000303
1.582000	4.526193	0.000303
1.583000	4.526187	0.000303
1.584000	4.526181	0.000302
1.585000	4.526175	0.000302
1.586000	4.526169	0.000302
1.587000	4.526163	0.000301
1.588000	4.526158	0.000301
1.589000	4.526152	0.000301
1.590000	4.526146	0.000300
1.591000	4.526140	0.000300
1.592000	4.526134	0.000300
1.593000	4.526128	0.000300
1.594000	4.526122	0.000299
1.595000	4.526116	0.000299
1.596000	4.526111	0.000299
1.597000	4.526105	0.000298
1.598000	4.526099	0.000298
1.599000	4.526093	0.000298
1.600000	4.526087	0.000297
1.601000	4.526082	0.000297
1.602000	4.526076	0.000297
1.603000	4.526070	0.000296
1.604000	4.526064	0.000296
1.605000	4.526059	0.000296
1.606000	4.526053	0.000295
1.607000	4.526047	0.000295
1.608000	4.526042	0.000295
1.609000	4.526036	0.000294
1.610000	4.526030	0.000294
1.611000	4.526025	0.000294
1.612000	4.526019	0.000294
1.613000	4.526014	0.000293
1.614000	4.526008	0.000293
1.615000	4.526002	0.000293
1.616000	4.525997	0.000292
1.617000	4.525991	0.000292
1.618000	4.525986	0.000292
1.619000	4.525980	0.000291
1.620000	4.525975	0.000291
1.621000	4.525969	0.000291
1.622000	4.525964	0.000290
1.623000	4.525958	0.000290
1.624000	4.525953	0.000290
1.625000	4.525947	0.000290
1.626000	4.525942	0.000289
1.627000	4.525936	0.000289
1.628000	4.525931	0.000289
1.629000	4.525926	0.000288
1.630000	4.525920	0.000288
1.631000	4.525915	0.000288
1.632000	4.525910	0.000287
1.633000	4.525904	0.000287
1.634000	4.525899	0.000287
1.635000	4.525893	0.000287
1.636000	4.525888	0.000286
1.637000	4.525883	0.000286
1.638000	4.525878	0.000286
1.639000	4.525872	0.000285
1.640000	4.525867	0.000285
1.641000	4.525862	0.000285
1.642000	4.525857	0.000285
1.643000	4.525851	0.000284
1.644000	4.525846	0.000284
1.645000	4.525841	0.000284
1.646000	4.525836	0.000283
1.647000	4.525830	0.000283
1.648000	4.525825	0.000283
1.649000	4.525820	0.000283
1.650000	4.525815	0.000282
1.651000	4.525810	0.000282
1.652000	4.525805	0.000282
1.653000	4.525800	0.000281
1.654000	4.525794	0.000281
1.655000	4.525789	0.000281
1.656000	4.525784	0.000281
1.657000	4.525779	0.000280
1.658000	4.525774	0.000280
1.659000	4.525769	0.000280
1.660000	4.525764	0.000279
1.661000	4.525759	0.000279
1.662000	4.525754	0.000279
1.663000	4.525749	0.000279
1.664000	4.525744	0.000278
1.665000	4.525739	0.000278
1.666000	4.525734	0.000278
1.667000	4.525729	0.000278
1.668000	4.525724	0.000277
1.669000	4.525719	0.000277
1.670000	4.525714	0.000277
1.671000	4.525709	0.000276
1.672000	4.525704	0.000276
1.673000	4.525700	0.000276
1.674000	4.525695	0.000276
1.675000	4.525690	0.000275
1.676000	4.525685	0.000275
1.677000	4.525680	0.000275
1.678000	4.525675	0.000275
1.679000	4.525670	0.000274
1.680000	4.525666	0.000274
1.681000	4.525661	0.000274
1.682000	4.525656	0.000274
1.683000	4.525651	0.000273
1.684000	4.525646	0.000273
1.685000	4.525642	0.000273
1.686000	4.525637	0.000272
1.687000	4.525632	0.000272
1.688000	4.525627	0.000272
1.689000	4.525623	0.000272
1.690000	4.525618	0.000271
1.691000	4.525613	0.000271
1.692000	4.525608	0.000271
1.693000	4.525604	0.000271
1.694000	4.525599	0.000270
1.695000	4.525594	0.000270
1.696000	4.525590	0.000270
1.697000	4.525585	0.000270
1.698000	4.525580	0.000269
1.699000	4.525576	0.000269
1.700000	4.525571	0.000269
1.701000	4.525567	0.000269
1.702000	4.525562	0.000268
1.703000	4.525557	0.000268
1.704000	4.525553	0.000268
1.705000	4.525548	0.000268
1.706000	4.525544	0.000267
1.707000	4.525539	0.000267
1.708000	4.525534	0.000267
1.709000	4.525530	0.000267
1.710000	4.525525	0.000266
1.711000	4.525521	0.000266
1.712000	4.525516	0.000266
1.713000	4.525512	0.000266
1.714000	4.525507	0.000265
1.715000	4.525503	0.000265
1.716000	4.525498	0.000265
1.717000	4.525494	0.000265
1.718000	4.525490	0.000264
1.719000	4.525485	0.000264
1.720000	4.525481	0.000264
1.721000	4.525476	0.000264
1.722000	4.525472	0.000263
1.723000	4.525467	0.000263
1.724000	4.525463	0.000263
1.725000	4.525459	0.000263
1.726000	4.525454	0.000262
1.727000	4.525450	0.000262
1.728000	4.525446	0.000262
1.729000	4.525441	0.000262
1.730000	4.525437	0.000261
1.731000	4.525433	0.000261
1.732000	4.525428	0.000261
1.733000	4.525424	0.000261
1.734000	4.525420	0.000260
1.735000	4.525415	0.000260
1.736000	4.525411	0.000260
1.737000	4.525407	0.000260
1.738000	4.525402	0.000259
1.739000	4.525398	0.000259
1.740000	4.525394	0.000259
1.741000	4.525390	0.000259
1.742000	4.525385	0.000259
1.743000	4.525381	0.000258
1.744000	4.525377	0.000258
1.745000	4.525373	0.000258
1.746000	4.525369	0.000258
1.747000	4.525364	0.000257
1.748000	4.525360	0.000257
1.749000	4.525356	0.000257
1.750000	4.525352	0.000257
1.751000	4.525348	0.000256
1.752000	4.525344	0.000256
1.753000	4.525339	0.000256
1.754000	4.525335	0.000256
1.755000	4.525331	0.000256
1.756000	4.525327	0.000255
1.757000	4.525323	0.000255
1.758000	4.525319	0.000255
1.759000	4.525315	0.000255
1.760000	4.525311	0.000254
1.761000	4.525307	0.000254
1.762000	4.525303	0.000254
1.763000	4.525299	0.000254
1.764000	4.525294	0.000254
1.765000	4.525290	0.000253
1.766000	4.525286	0.000253
1.767000	4.525282	0.000253
1.768000	4.525278	0.000253
1.769000	4.525274	0.000252
1.770000	4.525270	0.000252
1.771000	4.525266	0.000252
1.772000	4.525262	0.000252
1.773000	4.525258	0.000251
1.774000	4.525254	0.000251
1.775000	4.525250	0.000251
1.776000	4.525247	0.000251
1.777000	4.525243	0.000251
1.778000	4.525239	0.000250
1.779000	4.525235	0.000250
1.780000	4.525231	0.000250
1.781000	4.525227	0.000250
1.782000	4.525223	0.000250
1.783000	4.525219	0.000249
1.784000	4.525215	0.000249
1.785000	4.525211	0.000249
1.786000	4.525207	0.000249
1.787000	4.525204	0.000248
1.788000	4.525200	0.000248
1.789000	4.525196	0.000248
1.790000	4.525192	0.000248
1.791000	4.525188	0.000248
1.792000	4.525184	0.000247
1.793000	4.525181	0.000247
1.794000	4.525177	0.000247
1.795000	4.525173	0.000247
1.796000	4.525169	0.000247
1.797000	4.525165	0.000246
1.798000	4.525162	0.000246
1.799000	4.525158	0.000246
1.800000	4.525154	0.000246
1.801000	4.525150	0.000245
1.802000	4.525146	0.000245
1.803000	4.525143	0.000245
1.804000	4.525139	0.000245
1.805000	4.525135	0.000245
1.806000	4.525132	0.000244
1.807000	4.525128	0.000244
1.808000	4.525124	0.000244
1.809000	4.525120	0.000244
1.810000	4.525117	0.000244
1.811000	4.525113	0.000243
1.812000	4.525109	0.000243
1.813000	4.525106	0.000243
1.814000	4.525102	0.000243
1.815000	4.525098	0.000243
1.816000	4.525095	0.000242
1.817000	4.525091	0.000242
1.818000	4.525087	0.000242
1.819000	4.525084	0.000242
1.820000	4.525080	0.000242
1.821000	4.525077	0.000241
1.822000	4.525073	0.000241
1.823000	4.525069	0.000241
1.824000	4.525066	0.000241
1.825000	4.525062	0.000241
1.826000	4.525059	0.000240
1.827000	4.525055	0.000240
1.828000	4.525051	0.000240
1.829000	4.525048	0.000240
1.830000	4.525044	0.000240
1.831000	4.525041	0.000239
1.832000	4.525037	0.000239
1.833000	4.525034	0.000239
1.834000	4.525030	0.000239
1.835000	4.525027	0.000239
1.836000	4.525023	0.000238
1.837000	4.525020	0.000238
1.838000	4.525016	0.000238
1.839000	4.525013	0.000238
1.840000	4.525009	0.000238
1.841000	4.525006	0.000237
1.842000	4.525002	0.000237
1.843000	4.524999	0.000237
1.844000	4.524995	0.000237
1.845000	4.524992	0.000237
1.846000	4.524988	0.000236
1.847000	4.524985	0.000236
1.848000	4.524981	0.000236
1.849000	4.524978	0.000236
1.850000	4.524975	0.000236
1.851000	4.524971	0.000235
1.852000	4.524968	0.000235
1.853000	4.524964	0.000235
1.854000	4.524961	0.000235
1.855000	4.524958	0.000235
1.856000	4.524954	0.000234
1.857000	4.524951	0.000234
1.858000	4.524947	0.000234
1.859000	4.524944	0.000234
1.860000	4.524941	0.000234
1.861000	4.524937	0.000234
1.862000	4.524934	0.000233
1.863000	4.524931	0.000233
1.864000	4.524927	0.000233
1.865000	4.524924	0.000233
1.866000	4.524921	0.000233
1.867000	4.524917	0.000232
1.868000	4.524914	0.000232
1.869000	4.524911	0.000232
1.870000	4.524907	0.000232
1.871000	4.524904	0.000232
1.872000	4.524901	0.000231
1.873000	4.524898	0.000231
1.874000	4.524894	0.000231
1.875000	4.524891	0.000231
1.876000	4.524888	0.000231
1.877000	4.524885	0.000231
1.878000	4.524881	0.000230
1.879000	4.524878	0.000230
1.880000	4.524875	0.000230
1.881000	4.524872	0.000230
1.882000	4.524868	0.000230
1.883000	4.524865	0.000229
1.884000	4.524862	0.000229
1.885000	4.524859	0.000229
1.886000	4.524856	0.000229
1.887000	4.524852	0.000229
1.888000	4.524849	0.000229
1.889000	4.524846	0.000228
1.890000	4.524843	0.000228
1.891000	4.524840	0.000228
1.892000	4.524837	0.000228
1.893000	4.524833	0.000228
1.894000	4.524830	0.000228
1.895000	4.524827	0.000227
1.896000	4.524824	0.000227
1.897000	4.524821	0.000227
1.898000	4.524818	0.000227
1.899000	4.524815	0.000227
1.900000	4.524811	0.000226
1.901000	4.524808	0.000226
1.902000	4.524805	0.000226
1.903000	4.524802	0.000226
1.904000	4.524799	0.000226
1.905000	4.524796	0.000226
1.906000	4.524793	0.000225
1.907000	4.524790	0.000225
1.908000	4.524787	0.000225
1.909000	4.524784	0.000225
1.910000	4.524781	0.000225
1.911000	4.524778	0.000225
1.912000	4.524774	0.000224
1.913000	4.524771	0.000224
1.914000	4.524768	0.000224
1.915000	4.524765	0.000224
1.916000	4.524762	0.000224
1.917000	4.524759	0.000223
1.918000	4.524756	0.000223
1.919000	4.524753	0.000223
1.920000	4.524750	0.000223
1.921000	4.524747	0.000223
1.922000	4.524744	0.000223
1.923000	4.524741	0.000222
1.924000	4.524738	0.000222
1.925000	4.524735	0.000222
1.926000	4.524732	0.000222
1.927000	4.524729	0.000222
1.928000	4.524726	0.000222
1.929000	4.524723	0.000221
1.930000	4.524720	0.000221
1.931000	4.524718	0.000221
1.932000	4.524715	0.000221
1.933000	4.524712	0.000221
1.934000	4.524709	0.000221
1.935000	4.524706	0.000220
1.936000	4.524703	0.000220
1.937000	4.524700	0.000220
1.938000	4.524697	0.000220
1.939000	4.524694	0.000220
1.940000	4.524691	0.000220
1.941000	4.524688	0.000219
1.942000	4.524685	0.000219
1.943000	4.524683	0.000219
1.944000	4.524680	0.000219
1.945000	4.524677	0.000219
1.946000	4.524674	0.000219
1.947000	4.524671	0.000218
1.948000	4.524668	0.000218
1.949000	4.524665	0.000218
1.950000	4.524663	0.000218
1.951000	4.524660	0.000218
1.952000	4.524657	0.000218
1.953000	4.524654	0.000218
1.954000	4.524651	0.000217
1.955000	4.524648	0.000217
1.956000	4.524646	0.000217
1.957000	4.524643	0.000217
1.958000	4.524640	0.000217
1.959000	4.524637	0.000217
1.960000	4.524634	0.000216
1.961000	4.524632	0.000216
1.962000	4.524629	0.000216
1.963000	4.524626	0.000216
1.964000	4.524623	0.000216
1.965000	4.524620	0.000216
1.966000	4.524618	0.000215
1.967000	4.524615	0.000215
1.968000	4.524612	0.000215
1.969000	4.524609	0.000215
1.970000	4.524607	0.000215
1.971000	4.524604	0.000215
1.972000	4.524601	0.000214
1.973000	4.524598	0.000214
1.974000	4.524596	0.000214
1.975000	4.524593	0.000214
1.976000	4.524590	0.000214
1.977000	4.524587	0.000214
1.978000	4.524585	0.000214
1.979000	4.524582	0.000213
1.980000	4.524579	0.000213
1.981000	4.524577	0.000213
1.982000	4.524574	0.000213
1.983000	4.524571	0.000213
1.984000	4.524569	0.000213
1.985000	4.524566	0.000212
1.986000	4.524563	0.000212
1.987000	4.524561	0.000212
1.988000	4.524558	0.000212
1.989000	4.524555	0.000212
1.990000	4.524553	0.000212
1.991000	4.524550	0.000212
1.992000	4.524547	0.000211
1.993000	4.524545	0.000211
1.994000	4.524542	0.000211
1.995000	4.524539	0.000211
1.996000	4.524537	0.000211
1.997000	4.524534	0.000211
1.998000	4.524531	0.000211
1.999000	4.524529	0.000210
2.000000	4.524526	0.000210
